No., BCV ,Position,Player,Team, Price , Weighted minutes , Weighted UPPM , PPG - longer term ,Fixture ratio,3,4,5,6,7,8,9,10,Sum
1, (1.00),M,0,ARS, 100.0 , -   , -   , -   ,100%, -   , -   , -   , -   , -   , -   , -   , -   , -   
2, 0.41 ,M,Saka,ARS, 9.5 , 75.88 , 0.065 , 4.97 ,100%, 6.19 , 5.62 , 4.92 , 6.02 , 5.09 , 5.73 , 4.54 , 6.31 , 44.42 
3, 0.03 ,M,Merino,ARS, 5.9 , 23.03 , 0.054 , 1.34 ,100%, 1.37 , 1.26 , 1.12 , 1.36 , 1.11 , 1.22 , 0.93 , 1.28 , 9.65 
4, 0.12 ,M,Bruno Guimarães,ARS, 6.9 , 59.54 , 0.043 , 2.83 ,100%, 2.04 , 2.99 , 2.75 , 3.26 , 2.80 , 3.09 , 2.51 , 3.34 , 22.76 
5, 0.17 ,M,Tzolis,ARS, 6.5 , 51.61 , 0.060 , 3.07 ,100%, 3.70 , 3.15 , 2.66 , 3.28 , 2.74 , 3.08 , 2.39 , 3.37 , 24.37 
6, (1.00),M,0,ARS, 100.0 , -   , -   , -   ,100%, -   , -   , -   , -   , -   , -   , -   , -   , -   
7, 0.23 ,M,Odegaard,ARS, 6.6 , 67.26 , 0.052 , 3.51 ,100%, 3.83 , 3.50 , 3.09 , 3.81 , 3.19 , 3.61 , 2.82 , 3.97 , 27.82 
8, (0.02),M,Nwaneri,ARS, 5.4 , -   , 0.048 , -   ,100%, -   , -   , -   , -   , -   , -   , -   , -   , -   
9, 0.29 ,M,Rice,ARS, 7.5 , 79.96 , 0.045 , 3.61 ,100%, 4.52 , 4.19 , 3.76 , 4.36 , 3.82 , 4.16 , 3.48 , 4.45 , 32.73 
10, 0.02 ,M,Madueke,ARS, 6.3 , 19.27 , 0.058 , 1.37 ,100%, 0.96 , 1.09 , 1.14 , 1.38 , 1.13 , 1.24 , 0.94 , 1.29 , 9.18 
11, 0.00 ,M,Zubimendi,ARS, 5.4 , 20.03 , 0.034 , 0.74 ,100%, 0.76 , 0.69 , 0.61 , 0.74 , 0.60 , 0.66 , 0.50 , 0.68 , 5.23 
12, 0.06 ,M,Eze,ARS, 6.4 , 35.96 , 0.055 , 2.16 ,100%, 1.93 , 2.06 , 1.85 , 2.27 , 1.88 , 2.11 , 1.63 , 2.28 , 16.02 
13, 0.01 ,M,Lewis-Skelly,ARS, 5.5 , 33.03 , 0.027 , 0.95 ,100%, 0.98 , 0.91 , 0.81 , 0.99 , 0.82 , 0.92 , 0.71 , 0.99 , 7.12 
14, 0.07 ,M,Garnacho,AVL, 5.9 , 39.95 , 0.052 , 2.35 ,103%, 1.98 , 2.25 , 2.02 , 2.47 , 2.04 , 1.96 , 2.34 , 1.77 , 16.84 
15, 0.21 ,M,Buendía,AVL, 6.0 , 61.60 , 0.044 , 2.54 ,103%, 4.12 , 3.80 , 2.76 , 3.11 , 2.61 , 2.53 , 2.98 , 2.32 , 24.24 
16, (1.00),M,0,AVL, 100.0 , -   , -   , -   ,103%, -   , -   , -   , -   , -   , -   , -   , -   , -   
17, 0.05 ,M,Goretzka,AVL, 6.0 , 43.03 , 0.038 , 1.69 ,103%, 1.83 , 1.83 , 1.46 , 1.78 , 1.47 , 1.42 , 1.69 , 1.28 , 12.75 
18, 0.03 ,M,Manzambi,AVL, 5.9 , 33.33 , 0.038 , 2.06 ,103%, 0.20 , 0.79 , 1.29 , 2.21 , 1.83 , 1.77 , 2.10 , 1.61 , 11.81 
19, 0.16 ,M,Kamara,AVL, 5.0 , 78.72 , 0.029 , 2.20 ,103%, 3.24 , 3.14 , 2.52 , 2.66 , 2.34 , 2.28 , 2.55 , 2.13 , 20.87 
20, 0.15 ,M,McGinn,AVL, 5.4 , 68.93 , 0.039 , 2.51 ,103%, 3.41 , 3.19 , 2.40 , 2.70 , 2.24 , 2.18 , 2.59 , 1.99 , 20.69 
21, 0.02 ,M,Barkley,AVL, 5.0 , 18.94 , 0.046 , 0.79 ,103%, 1.50 , 1.13 , 0.63 , 0.75 , 0.60 , 0.55 , 0.63 , 0.45 , 6.24 
22, 0.07 ,M,Mbaye,AVL, 6.0 , 53.14 , 0.041 , 2.33 ,103%, 2.23 , 2.53 , 2.02 , 2.48 , 2.05 , 1.99 , 2.38 , 1.81 , 17.50 
23, (1.00),M,0,AVL, 100.0 , -   , -   , -   ,103%, -   , -   , -   , -   , -   , -   , -   , -   , -   
24, 0.03 ,M,João Gomes,AVL, 5.5 , 34.08 , 0.029 , 1.76 ,103%, -   , -   , 1.90 , 2.13 , 1.88 , 1.82 , 2.01 , 1.68 , 11.42 
25, (0.02),M,Mvom Onana,AVL, 5.0 , -   , 0.034 , -   ,103%, -   , -   , -   , -   , -   , -   , -   , -   , -   
26, (0.01),M,Alysson Edward,AVL, 5.0 , 6.03 , 0.029 , 0.23 ,103%, 0.25 , 0.23 , 0.17 , 0.18 , 0.13 , 0.11 , 0.10 , 0.06 , 1.23 
27, (1.00),M,0,AVL, 100.0 , -   , -   , -   ,103%, -   , -   , -   , -   , -   , -   , -   , -   , -   
28, 0.28 ,M,Scott (Alex),BOU, 6.0 , 82.46 , 0.035 , 2.92 ,100%, 3.69 , 3.91 , 3.59 , 3.36 , 3.82 , 3.22 , 3.70 , 3.53 , 28.83 
29, (0.01),M,Tóth,BOU, 5.0 , 6.03 , 0.036 , 0.29 ,100%, 0.27 , 0.29 , 0.23 , 0.18 , 0.20 , 0.12 , 0.13 , 0.09 , 1.50 
30, 0.01 ,M,Brooks,BOU, 5.0 , 14.53 , 0.048 , 0.79 ,100%, 0.74 , 0.84 , 0.70 , 0.60 , 0.73 , 0.52 , 0.63 , 0.56 , 5.31 
31, 0.25 ,M,Rayan,BOU, 6.5 , 76.26 , 0.046 , 3.57 ,100%, 3.58 , 4.07 , 3.46 , 3.13 , 3.91 , 2.96 , 3.77 , 3.54 , 28.42 
32, 0.01 ,M,Christie,BOU, 5.0 , 20.75 , 0.036 , 0.87 ,100%, 0.61 , 0.93 , 0.79 , 0.70 , 0.86 , 0.62 , 0.78 , 0.71 , 6.00 
33, 0.24 ,M,Kluivert,BOU, 6.0 , 64.28 , 0.047 , 2.98 ,100%, 3.56 , 4.01 , 3.28 , 2.95 , 3.72 , 2.79 , 3.59 , 3.36 , 27.26 
34, 0.01 ,M,Cook,BOU, 5.0 , 26.59 , 0.028 , 0.73 ,100%, 1.04 , 0.79 , 0.68 , 0.59 , 0.73 , 0.54 , 0.67 , 0.61 , 5.65 
35, 0.00 ,M,Adli,BOU, 4.9 , 13.26 , 0.046 , 1.02 ,100%, -   , 0.53 , 0.93 , 0.81 , 0.99 , 0.72 , 0.89 , 0.81 , 5.67 
36, 0.33 ,M,Tavernier,BOU, 6.0 , 75.57 , 0.047 , 3.46 ,100%, 4.13 , 4.52 , 3.84 , 3.33 , 4.06 , 3.16 , 3.91 , 3.68 , 30.63 
37, 0.07 ,M,Adams,BOU, 5.0 , 55.11 , 0.029 , 1.72 ,100%, 1.52 , 2.10 , 1.90 , 1.75 , 2.01 , 1.65 , 1.92 , 1.81 , 14.66 
38, (0.01),M,Kroupi,BOU, 7.5 , 3.71 , 0.059 , 3.64 ,100%, -   , -   , -   , -   , -   , 0.30 , 1.33 , 2.77 , 4.40 
39, (1.00),M,0,BRE, 100.0 , -   , -   , -   ,102%, -   , -   , -   , -   , -   , -   , -   , -   , -   
40, 0.05 ,M,Anthony,BRE, 6.0 , 36.54 , 0.044 , 1.75 ,102%, 1.65 , 1.58 , 1.72 , 1.51 , 1.58 , 1.71 , 1.70 , 1.35 , 12.79 
41, 0.10 ,M,Dango Ouattara,BRE, 6.5 , 57.10 , 0.044 , 2.52 ,102%, 3.16 , 2.33 , 2.54 , 2.25 , 2.36 , 2.56 , 2.56 , 2.06 , 19.81 
42, (0.02),M,Carvalho,BRE, 5.0 , -   , 0.054 , -   ,102%, -   , -   , -   , -   , -   , -   , -   , -   , -   
43, 0.02 ,M,Yarmolyuk,BRE, 5.0 , 48.47 , 0.018 , 0.96 ,102%, 0.87 , 1.06 , 1.09 , 1.01 , 1.02 , 1.06 , 1.04 , 0.89 , 8.04 
44, 0.32 ,M,Sangaré (Mamadou),BRE, 5.7 , 79.66 , 0.035 , 2.77 ,102%, 4.36 , 3.76 , 3.75 , 3.50 , 3.57 , 3.70 , 3.68 , 3.28 , 29.61 
45, (0.02),M,Milambo,BRE, 5.0 , 0.54 , 0.034 , 0.10 ,102%, -   , 0.04 , 0.05 , 0.02 , -   , -   , -   , -   , 0.10 
46, 0.32 ,M,Schade,BRE, 6.0 , 74.22 , 0.051 , 3.75 ,102%, 4.75 , 3.69 , 3.87 , 3.36 , 3.54 , 3.86 , 3.87 , 3.13 , 30.07 
47, 0.06 ,M,Damsgaard,BRE, 5.5 , 38.94 , 0.047 , 1.72 ,102%, 2.69 , 1.83 , 1.69 , 1.48 , 1.54 , 1.66 , 1.65 , 1.31 , 13.86 
48, 0.12 ,M,Lewis-Potter,BRE, 5.5 , 56.08 , 0.041 , 2.16 ,102%, 3.46 , 2.32 , 2.29 , 1.90 , 1.99 , 2.16 , 2.16 , 1.73 , 18.01 
49, 0.06 ,M,Jensen,BRE, 5.5 , 47.18 , 0.040 , 2.13 ,102%, 1.60 , 1.96 , 2.14 , 1.89 , 1.98 , 2.14 , 2.14 , 1.72 , 15.58 
50, 0.07 ,M,Janelt,BRE, 5.0 , 52.74 , 0.034 , 1.68 ,102%, 2.68 , 1.94 , 1.72 , 1.53 , 1.59 , 1.70 , 1.70 , 1.38 , 14.23 
51, 0.42 ,M,Groß,BRI, 5.5 , 82.11 , 0.046 , 3.77 ,99%, 5.03 , 4.61 , 3.57 , 4.06 , 4.53 , 3.58 , 3.32 , 4.37 , 33.08 
52, (1.00),M,0,BRI, 100.0 , -   , -   , -   ,99%, -   , -   , -   , -   , -   , -   , -   , -   , -   
53, 0.09 ,M,Hinshelwood,BRI, 6.0 , 36.54 , 0.052 , 3.50 ,99%, -   , 1.07 , 1.61 , 2.93 , 3.72 , 2.85 , 2.61 , 3.57 , 18.36 
54, (0.00),M,Minteh,BRI, 5.9 , 10.82 , 0.049 , 3.25 ,99%, -   , -   , -   , -   , 0.92 , 1.52 , 2.19 , 3.32 , 7.95 
55, (0.02),M,Buonanotte,BRI, 5.0 , -   , 0.042 , -   ,99%, -   , -   , -   , -   , -   , -   , -   , -   , -   
56, 0.10 ,M,Ayari,BRI, 5.4 , 60.33 , 0.036 , 2.43 ,99%, 1.85 , 2.78 , 2.24 , 2.53 , 2.76 , 2.24 , 2.09 , 2.62 , 19.10 
57, (1.00),M,Gruda,BRI, 100.0 , -   , 0.045 , -   ,99%, -   , -   , -   , -   , -   , -   , -   , -   , -   
58, 0.02 ,M,Yohanna,BRI, 5.0 , 23.30 , 0.044 , 1.22 ,99%, 0.83 , 1.17 , 0.93 , 1.09 , 1.21 , 0.90 , 0.81 , 1.09 , 8.03 
59, 0.08 ,M,Mitoma,BRI, 6.0 , 36.54 , 0.051 , 3.43 ,99%, -   , 1.05 , 1.58 , 2.87 , 3.65 , 2.78 , 2.55 , 3.50 , 17.98 
60, 0.05 ,M,Andrés,BRI, 5.5 , 43.40 , 0.035 , 1.69 ,99%, 1.24 , 1.86 , 1.46 , 1.66 , 1.82 , 1.44 , 1.33 , 1.71 , 12.51 
61, (0.00),M,O’Riley,BRI, 5.5 , 9.30 , 0.045 , 0.40 ,99%, 0.88 , 0.55 , 0.27 , 0.30 , 0.30 , 0.20 , 0.16 , 0.18 , 2.84 
62, (1.00),M,0,BRI, 100.0 , -   , -   , -   ,99%, -   , -   , -   , -   , -   , -   , -   , -   , -   
63, (1.00),M,0,BRI, 100.0 , -   , -   , -   ,99%, -   , -   , -   , -   , -   , -   , -   , -   , -   
64, 0.28 ,M,Gómez,BRI, 5.0 , 67.31 , 0.047 , 3.00 ,99%, 4.36 , 3.87 , 2.86 , 2.98 , 3.29 , 2.60 , 2.41 , 3.13 , 25.50 
77, 0.05 ,M,Yirenkyi,COV, 5.0 , 56.11 , 0.030 , 1.63 ,97%, 1.54 , 1.83 , 1.51 , 1.69 , 1.37 , 1.69 , 1.69 , 1.38 , 12.70 
78, 0.06 ,M,Onyeka,COV, 5.0 , 49.32 , 0.035 , 1.84 ,97%, 1.29 , 1.95 , 1.77 , 1.94 , 1.61 , 1.93 , 1.93 , 1.59 , 14.00 
79, 0.03 ,M,Torp,COV, 5.4 , 28.32 , 0.046 , 1.46 ,97%, 0.89 , 1.52 , 1.35 , 1.50 , 1.20 , 1.46 , 1.45 , 1.16 , 10.54 
80, 0.17 ,M,Grimes,COV, 5.0 , 78.71 , 0.029 , 2.27 ,97%, 3.01 , 3.13 , 2.75 , 2.91 , 2.59 , 2.88 , 2.87 , 2.55 , 22.69 
81, 0.08 ,M,Mason-Clark,COV, 5.4 , 54.03 , 0.043 , 2.42 ,97%, 1.95 , 2.49 , 2.24 , 2.51 , 2.04 , 2.50 , 2.51 , 2.05 , 18.29 
82, 0.04 ,M,Sakamoto,COV, 4.9 , 33.03 , 0.039 , 1.38 ,97%, 1.10 , 1.40 , 1.25 , 1.39 , 1.12 , 1.36 , 1.35 , 1.09 , 10.05 
83, 0.11 ,M,Rudoni,COV, 5.0 , 54.09 , 0.046 , 2.50 ,97%, 2.46 , 2.79 , 2.37 , 2.62 , 2.16 , 2.60 , 2.61 , 2.14 , 19.77 
84, 0.07 ,M,Tchaouna,COV, 5.5 , 58.03 , 0.035 , 2.13 ,97%, 1.70 , 2.19 , 1.97 , 2.21 , 1.80 , 2.21 , 2.22 , 1.81 , 16.09 
85, 0.02 ,M,Hamer,COV, 5.5 , 26.03 , 0.044 , 1.22 ,97%, 0.97 , 1.24 , 1.09 , 1.21 , 0.97 , 1.17 , 1.15 , 0.92 , 8.71 
65, (1.00),M,0,CHE, 100.0 , -   , -   , -   ,97%, -   , -   , -   , -   , -   , -   , -   , -   , -   
66, 0.07 ,M,Neto,CHE, 6.5 , 44.74 , 0.051 , 2.31 ,97%, 1.86 , 2.79 , 2.11 , 2.33 , 2.02 , 2.16 , 2.06 , 1.97 , 17.30 
67, 0.00 ,M,Barco,CHE, 5.5 , 19.03 , 0.034 , 0.72 ,97%, 0.49 , 0.86 , 0.63 , 0.68 , 0.58 , 0.60 , 0.56 , 0.52 , 4.92 
68, 0.00 ,M,Quenda,CHE, 5.4 , 14.95 , 0.043 , 0.86 ,97%, 0.29 , 0.75 , 0.75 , 0.81 , 0.68 , 0.70 , 0.65 , 0.60 , 5.23 
69, 0.01 ,M,Estêvão,CHE, 6.4 , 16.18 , 0.055 , 1.04 ,97%, 0.56 , 1.23 , 0.91 , 0.97 , 0.82 , 0.85 , 0.78 , 0.72 , 6.83 
70, 0.40 ,M,Palmer (Cole),CHE, 9.6 , 76.95 , 0.062 , 4.84 ,97%, 4.14 , 6.95 , 5.25 , 5.83 , 5.10 , 5.51 , 5.30 , 5.13 , 43.21 
71, (1.00),M,0,CHE, 100.0 , -   , -   , -   ,97%, -   , -   , -   , -   , -   , -   , -   , -   , -   
72, 0.28 ,M,Rogers,CHE, 7.5 , 76.09 , 0.054 , 4.08 ,97%, 3.24 , 5.28 , 3.89 , 4.31 , 3.77 , 4.06 , 3.90 , 3.77 , 32.23 
73, (0.02),M,Gittens,CHE, 5.9 , 2.15 , 0.051 , 0.20 ,97%, 0.14 , 0.20 , 0.12 , 0.09 , 0.04 , -   , -   , -   , 0.58 
74, 0.18 ,M,Moises Caicedo,CHE, 5.5 , 76.48 , 0.029 , 2.45 ,97%, 1.62 , 3.61 , 3.11 , 3.26 , 3.02 , 3.12 , 3.03 , 2.95 , 23.72 
75, 0.08 ,M,Lavia,CHE, 5.0 , 56.34 , 0.035 , 1.90 ,97%, 1.93 , 2.65 , 1.79 , 1.96 , 1.72 , 1.83 , 1.75 , 1.68 , 15.32 
76, (1.00),M,Henderson (Jordan),CHE, 100.0 , 8.51 , 0.037 , 0.56 ,97%, -   , 0.33 , 0.47 , 0.50 , 0.41 , 0.42 , 0.38 , 0.34 , 2.84 
86, 0.05 ,M,Guessand,CPL, 5.5 , 32.68 , 0.047 , 1.49 ,103%, 1.80 , 2.04 , 1.35 , 1.51 , 1.20 , 1.41 , 1.13 , 1.20 , 11.65 
88, 0.09 ,M,Kamada,CPL, 5.0 , 61.11 , 0.034 , 2.02 ,103%, 2.57 , 2.73 , 2.02 , 2.22 , 1.85 , 2.12 , 1.78 , 1.88 , 17.16 
89, 0.00 ,M,Timber,CPL, 5.0 , 23.32 , 0.027 , 0.82 ,103%, 0.39 , 0.70 , 0.74 , 0.82 , 0.65 , 0.77 , 0.61 , 0.65 , 5.33 
90, (0.01),M,Lerma,CPL, 4.9 , 13.54 , 0.029 , 0.49 ,103%, 0.28 , 0.57 , 0.43 , 0.46 , 0.36 , 0.41 , 0.32 , 0.32 , 3.14 
91, 0.13 ,M,Pino,CPL, 5.5 , 57.89 , 0.044 , 2.53 ,103%, 2.88 , 3.30 , 2.37 , 2.67 , 2.15 , 2.55 , 2.08 , 2.24 , 20.23 
92, 0.30 ,M,Wharton,CPL, 5.5 , 79.44 , 0.037 , 2.98 ,103%, 3.73 , 4.13 , 3.42 , 3.68 , 3.19 , 3.55 , 3.10 , 3.24 , 28.05 
93, (0.02),M,Esse,CPL, 5.0 , -   , 0.042 , -   ,103%, -   , -   , -   , -   , -   , -   , -   , -   , -   
94, (0.00),M,Hughes,CPL, 4.5 , 17.03 , 0.029 , 0.55 ,103%, 0.53 , 0.63 , 0.48 , 0.52 , 0.41 , 0.47 , 0.36 , 0.38 , 3.78 
95, 0.20 ,M,Ismaila Sarr,CPL, 6.4 , 48.39 , 0.052 , 4.09 ,103%, -   , 1.98 , 3.45 , 4.66 , 3.78 , 4.50 , 3.69 , 3.99 , 26.05 
96, 0.09 ,M,George,EVE, 5.5 , 47.22 , 0.046 , 2.03 ,100%, 2.90 , 2.03 , 2.37 , 2.08 , 1.93 , 1.26 , 1.69 , 2.18 , 16.43 
97, 0.27 ,M,Garner,EVE, 6.0 , 82.00 , 0.032 , 2.74 ,100%, 3.57 , 3.45 , 4.07 , 3.76 , 3.60 , 2.86 , 3.33 , 3.88 , 28.51 
98, (0.00),M,Alcaraz,EVE, 5.0 , 13.03 , 0.042 , 0.62 ,100%, 0.62 , 0.53 , 0.68 , 0.57 , 0.50 , 0.31 , 0.40 , 0.48 , 4.09 
99, 0.07 ,M,Johnson (Brennan),EVE, 5.9 , 49.18 , 0.044 , 2.29 ,100%, 2.10 , 2.01 , 2.68 , 2.36 , 2.20 , 1.44 , 1.94 , 2.50 , 17.23 
100, (0.01),M,Dibling,EVE, 5.4 , 12.75 , 0.033 , 0.54 ,100%, 0.33 , 0.45 , 0.58 , 0.49 , 0.44 , 0.27 , 0.35 , 0.43 , 3.35 
101, 0.35 ,M,Dewsbury-Hall,EVE, 6.5 , 84.56 , 0.046 , 3.97 ,100%, 4.43 , 3.88 , 4.94 , 4.44 , 4.19 , 3.00 , 3.80 , 4.74 , 33.41 
102, (1.00),M,0,EVE, 100.0 , -   , -   , -   ,100%, -   , -   , -   , -   , -   , -   , -   , -   , -   
103, 0.13 ,M,Grealish,EVE, 6.5 , 66.61 , 0.041 , 2.94 ,100%, 2.28 , 2.67 , 3.50 , 3.11 , 2.92 , 1.99 , 2.61 , 3.34 , 22.42 
104, 0.03 ,M,Hackney,EVE, 5.5 , 36.81 , 0.032 , 1.14 ,100%, 1.67 , 1.01 , 1.32 , 1.16 , 1.07 , 0.71 , 0.93 , 1.18 , 9.04 
106, 0.11 ,M,Norgaard,EVE, 5.0 , 48.97 , 0.034 , 2.33 ,100%, 0.34 , 1.27 , 3.22 , 2.97 , 2.84 , 2.28 , 2.61 , 3.00 , 18.55 
107, (0.01),M,Cairney,FUL, 5.0 , 9.47 , 0.039 , 1.17 ,104%, -   , -   , -   , 0.52 , 1.28 , 1.08 , 0.90 , 1.03 , 4.81 
108, 0.01 ,M,Larsson,FUL, 5.0 , 23.16 , 0.033 , 1.31 ,104%, -   , 0.40 , 0.93 , 1.31 , 1.49 , 1.26 , 1.06 , 1.22 , 7.67 
109, 0.05 ,M,Palacios (César),FUL, 5.5 , 42.03 , 0.038 , 1.66 ,104%, 1.85 , 1.40 , 1.59 , 1.66 , 1.89 , 1.60 , 1.35 , 1.57 , 12.92 
110, 0.03 ,M,Charles,FUL, 5.0 , 37.03 , 0.031 , 1.19 ,104%, 1.37 , 1.08 , 1.18 , 1.22 , 1.36 , 1.16 , 0.99 , 1.12 , 9.46 
111, 0.03 ,M,Smith-Rowe,FUL, 5.5 , 27.18 , 0.044 , 1.32 ,104%, 1.28 , 1.11 , 1.24 , 1.29 , 1.45 , 1.22 , 1.02 , 1.16 , 9.77 
112, 0.11 ,M,Bobb,FUL, 5.5 , 64.49 , 0.038 , 2.42 ,104%, 3.06 , 2.22 , 2.36 , 2.48 , 2.83 , 2.42 , 2.06 , 2.39 , 19.83 
113, 0.08 ,M,Berge,FUL, 5.0 , 65.11 , 0.029 , 1.85 ,104%, 2.59 , 1.93 , 1.91 , 1.98 , 2.21 , 1.92 , 1.67 , 1.89 , 16.11 
114, 0.12 ,M,King (Joshua),FUL, 5.5 , 62.79 , 0.039 , 2.46 ,104%, 3.11 , 2.26 , 2.40 , 2.52 , 2.87 , 2.45 , 2.09 , 2.43 , 20.13 
115, 0.29 ,M,Iwobi,FUL, 5.5 , 79.09 , 0.043 , 3.36 ,104%, 4.12 , 3.21 , 3.47 , 3.55 , 4.02 , 3.47 , 3.00 , 3.44 , 28.27 
116, 0.04 ,M,Kevin,FUL, 5.4 , 35.18 , 0.039 , 1.51 ,104%, 1.43 , 1.17 , 1.44 , 1.51 , 1.71 , 1.44 , 1.21 , 1.40 , 11.32 
135, 0.28 ,M,Stach,LEE, 6.0 , 80.65 , 0.040 , 3.25 ,95%, 3.72 , 4.08 , 4.00 , 2.87 , 3.60 , 3.50 , 3.32 , 3.54 , 28.63 
136, 0.19 ,M,Ampadu,LEE, 5.5 , 84.95 , 0.027 , 2.31 ,95%, 3.14 , 3.31 , 3.25 , 2.59 , 3.00 , 2.93 , 2.82 , 2.93 , 23.96 
137, 0.02 ,M,Tanaka,LEE, 4.9 , 27.03 , 0.034 , 0.99 ,95%, 0.88 , 1.04 , 1.04 , 0.62 , 0.88 , 0.83 , 0.76 , 0.82 , 6.87 
138, (0.02),M,Gnonto,LEE, 5.0 , -   , 0.042 , -   ,95%, -   , -   , -   , -   , -   , -   , -   , -   , -   
139, 0.12 ,M,Wilson (Harry),LEE, 6.4 , 58.03 , 0.049 , 2.94 ,95%, 2.63 , 3.14 , 3.19 , 1.94 , 2.77 , 2.67 , 2.48 , 2.74 , 21.57 
140, (0.00),M,Longstaff (Sean),LEE, 5.0 , 14.03 , 0.039 , 0.62 ,95%, 0.55 , 0.63 , 0.62 , 0.36 , 0.49 , 0.45 , 0.40 , 0.41 , 3.91 
141, 0.05 ,M,Aaronson,LEE, 5.5 , 41.18 , 0.041 , 1.82 ,95%, 1.48 , 1.93 , 1.95 , 1.18 , 1.68 , 1.61 , 1.48 , 1.63 , 12.93 
142, 0.00 ,M,James (Daniel),LEE, 5.0 , 14.32 , 0.049 , 0.87 ,95%, 0.43 , 0.90 , 0.89 , 0.52 , 0.72 , 0.66 , 0.59 , 0.62 , 5.33 
143, 0.16 ,M,Okafor,LEE, 5.9 , 53.96 , 0.056 , 3.19 ,95%, 2.60 , 3.40 , 3.46 , 2.09 , 3.00 , 2.88 , 2.68 , 2.95 , 23.07 
144, (0.01),M,Gruev,LEE, 5.0 , 10.74 , 0.032 , 0.51 ,95%, 0.14 , 0.35 , 0.51 , 0.29 , 0.40 , 0.37 , 0.33 , 0.34 , 2.74 
105, 0.10 ,M,Röhl,EVE, 5.0 , 63.36 , 0.035 , 2.11 ,100%, 2.85 , 2.20 , 2.52 , 2.24 , 2.10 , 1.46 , 1.87 , 2.37 , 17.61 
145, (0.01),M,Endo,LIV, 5.0 , 5.03 , 0.034 , 0.24 ,99%, 0.25 , 0.24 , 0.17 , 0.14 , 0.12 , 0.11 , 0.06 , 0.05 , 1.14 
146, 0.12 ,M,Mac Allister,LIV, 5.5 , 64.03 , 0.040 , 2.61 ,99%, 2.94 , 3.01 , 2.53 , 2.49 , 2.52 , 2.69 , 2.13 , 2.44 , 20.75 
147, 0.43 ,M,Szoboszlai,LIV, 7.0 , 84.66 , 0.048 , 4.04 ,99%, 5.52 , 5.53 , 4.50 , 4.45 , 4.52 , 4.83 , 3.88 , 4.45 , 37.69 
148, (1.00),M,0,LIV, 100.0 , -   , -   , -   ,99%, -   , -   , -   , -   , -   , -   , -   , -   , -   
149, 0.12 ,M,Gravenberch,LIV, 6.0 , 71.67 , 0.034 , 2.49 ,99%, 3.08 , 2.99 , 2.57 , 2.53 , 2.55 , 2.69 , 2.20 , 2.47 , 21.09 
150, 0.16 ,M,Gakpo,LIV, 7.1 , 54.90 , 0.058 , 3.16 ,99%, 3.79 , 3.60 , 2.82 , 2.78 , 2.83 , 3.06 , 2.32 , 2.75 , 23.93 
151, (0.02),M,Chiesa,LIV, 5.4 , 0.63 , 0.054 , 0.43 ,99%, -   , -   , -   , -   , -   , 0.22 , 0.14 , 0.12 , 0.49 
152, 0.31 ,M,Wirtz,LIV, 7.5 , 73.09 , 0.058 , 4.24 ,99%, 5.01 , 4.91 , 3.87 , 3.82 , 3.89 , 4.21 , 3.24 , 3.82 , 32.76 
153, 0.09 ,M,Víctor Muñoz,LIV, 6.5 , 47.55 , 0.048 , 2.17 ,99%, 3.07 , 2.75 , 1.92 , 1.88 , 1.91 , 2.06 , 1.55 , 1.84 , 16.99 
154, 0.03 ,M,Ngumoha,LIV, 5.9 , 26.03 , 0.051 , 1.42 ,99%, 1.51 , 1.54 , 1.23 , 1.19 , 1.19 , 1.27 , 0.94 , 1.10 , 9.98 
155, 0.22 ,M,Barcola,LIV, 8.0 , 64.88 , 0.058 , 4.18 ,99%, 3.06 , 4.32 , 3.78 , 3.73 , 3.81 , 4.13 , 3.16 , 3.75 , 29.75 
156, (1.00),M,0,LIV, 100.0 , -   , -   , -   ,99%, -   , -   , -   , -   , -   , -   , -   , -   , -   
157, (1.00),M,0,MCI, 100.0 , -   , -   , -   ,105%, -   , -   , -   , -   , -   , -   , -   , -   , -   
158, 0.01 ,M,Bouaddi,MCI, 5.5 , 29.32 , 0.027 , 0.90 ,105%, 0.83 , 0.75 , 0.97 , 0.71 , 0.98 , 0.72 , 0.80 , 0.71 , 6.48 
159, 0.00 ,M,Kovacic,MCI, 5.5 , 14.53 , 0.041 , 0.61 ,105%, 1.10 , 0.50 , 0.62 , 0.44 , 0.58 , 0.41 , 0.43 , 0.37 , 4.47 
160, 0.32 ,M,Anderson,MCI, 6.4 , 78.95 , 0.042 , 3.29 ,105%, 4.88 , 3.63 , 4.20 , 3.39 , 4.22 , 3.44 , 3.70 , 3.43 , 30.90 
161, (1.00),M,0,MCI, 100.0 , -   , -   , -   ,105%, -   , -   , -   , -   , -   , -   , -   , -   , -   
162, 0.06 ,M,Doku,MCI, 7.4 , 31.71 , 0.058 , 2.95 ,105%, -   , 1.06 , 2.86 , 2.42 , 3.35 , 2.49 , 2.79 , 2.50 , 17.46 
163, 0.25 ,M,Fernández (Enzo),MCI, 6.9 , 70.58 , 0.050 , 3.81 ,105%, 3.55 , 3.41 , 4.32 , 3.32 , 4.47 , 3.42 , 3.80 , 3.45 , 29.74 
164, 0.27 ,M,Foden,MCI, 7.0 , 57.55 , 0.064 , 3.51 ,105%, 5.49 , 3.37 , 3.87 , 2.89 , 4.00 , 2.98 , 3.34 , 2.99 , 28.93 
165, 0.07 ,M,Ndiaye (Iliman),MCI, 6.0 , 42.95 , 0.049 , 2.35 ,105%, 2.29 , 1.80 , 2.60 , 1.95 , 2.66 , 1.99 , 2.22 , 1.99 , 17.49 
166, (1.00),M,0,MCI, 100.0 , -   , -   , -   ,105%, -   , -   , -   , -   , -   , -   , -   , -   , -   
167, 0.29 ,M,Semenyo,MCI, 8.5 , 73.08 , 0.056 , 4.03 ,105%, 5.66 , 3.87 , 4.54 , 3.44 , 4.72 , 3.56 , 3.98 , 3.60 , 33.36 
168, (1.00),M,0,MCI, 100.0 , -   , -   , -   ,105%, -   , -   , -   , -   , -   , -   , -   , -   , -   
169, 0.23 ,M,Cherki,MCI, 7.7 , 53.71 , 0.066 , 3.50 ,105%, 5.03 , 3.21 , 3.86 , 2.88 , 3.99 , 2.97 , 3.32 , 2.98 , 28.23 
170, (1.00),M,0,MCI, 100.0 , -   , -   , -   ,105%, -   , -   , -   , -   , -   , -   , -   , -   , -   
171, 0.45 ,M,Bruno Fernandes,MUN, 12.0 , 86.65 , 0.063 , 5.52 ,96%, 6.53 , 6.26 , 6.38 , 6.65 , 6.22 , 6.74 , 5.74 , 6.60 , 51.12 
172, 0.01 ,M,Baleba,MUN, 5.0 , 27.39 , 0.030 , 1.63 ,96%, -   , 0.25 , 0.81 , 1.35 , 1.66 , 1.75 , 1.52 , 1.68 , 9.02 
173, 0.31 ,M,Mbeumo,MUN, 8.0 , 75.24 , 0.061 , 4.32 ,96%, 4.79 , 4.63 , 4.44 , 4.48 , 3.95 , 4.35 , 3.59 , 4.23 , 34.46 
174, 0.25 ,M,Matheus Cunha,MUN, 8.0 , 70.18 , 0.058 , 3.91 ,96%, 4.52 , 4.06 , 3.95 , 3.91 , 3.61 , 3.95 , 3.28 , 3.84 , 31.12 
175, (0.02),M,Ugarte,MUN, 5.0 , -   , 0.029 , 0.12 ,96%, -   , -   , -   , -   , -   , -   , -   , -   , -   
176, 0.04 ,M,Andrey Santos,MUN, 4.9 , 37.52 , 0.038 , 1.29 ,96%, 1.82 , 1.56 , 1.19 , 1.23 , 1.12 , 1.22 , 0.99 , 1.15 , 10.27 
177, 0.05 ,M,Mainoo,MUN, 5.5 , 49.96 , 0.031 , 1.49 ,96%, 1.99 , 1.56 , 1.42 , 1.47 , 1.35 , 1.47 , 1.21 , 1.41 , 11.89 
178, 0.16 ,M,Tielemans,MUN, 5.9 , 67.49 , 0.042 , 2.83 ,96%, 3.33 , 3.01 , 2.87 , 2.97 , 2.76 , 2.97 , 2.52 , 2.88 , 23.32 
179, 0.02 ,M,Dorgu,MUN, 5.9 , 21.24 , 0.048 , 1.05 ,96%, 1.12 , 1.05 , 0.94 , 0.96 , 0.85 , 0.91 , 0.73 , 0.83 , 7.39 
180, 0.06 ,M,Rashford,MUN, 7.0 , 38.58 , 0.056 , 2.01 ,96%, 2.73 , 2.11 , 1.86 , 1.93 , 1.76 , 1.91 , 1.55 , 1.81 , 15.66 
181, 0.01 ,M,Mount,MUN, 5.4 , 17.75 , 0.045 , 0.95 ,96%, 0.64 , 0.84 , 0.85 , 0.87 , 0.77 , 0.82 , 0.65 , 0.74 , 6.20 
182, (1.00),M,0,MUN, 100.0 , -   , -   , -   ,96%, -   , -   , -   , -   , -   , -   , -   , -   , -   
183, 0.03 ,M,Amad Diallo,MUN, 5.9 , 24.71 , 0.049 , 2.12 ,96%, -   , 0.51 , 1.59 , 2.05 , 1.87 , 2.05 , 1.67 , 1.96 , 11.69 
184, 0.18 ,M,González,NEW, 5.5 , 71.09 , 0.035 , 2.51 ,107%, 3.43 , 2.95 , 3.27 , 2.91 , 2.87 , 2.65 , 2.83 , 2.56 , 23.48 
185, 0.04 ,M,Joelinton,NEW, 5.4 , 36.34 , 0.033 , 2.06 ,107%, -   , 0.69 , 1.79 , 2.35 , 2.31 , 2.11 , 2.27 , 2.04 , 13.55 
186, 0.01 ,M,Steur,NEW, 5.0 , 26.03 , 0.028 , 0.79 ,107%, 0.84 , 0.73 , 0.91 , 0.76 , 0.74 , 0.65 , 0.71 , 0.61 , 5.95 
187, 0.03 ,M,Ramsey (Jacob),NEW, 5.0 , 27.31 , 0.038 , 1.07 ,107%, 1.39 , 1.00 , 1.25 , 1.04 , 1.01 , 0.89 , 0.97 , 0.83 , 8.38 
188, 0.24 ,M,Elanga,NEW, 6.1 , 66.80 , 0.049 , 3.12 ,107%, 4.01 , 3.32 , 3.93 , 3.20 , 3.16 , 2.83 , 3.14 , 2.75 , 26.33 
189, 0.04 ,M,Willock,NEW, 5.0 , 29.33 , 0.044 , 1.13 ,107%, 1.95 , 1.47 , 1.31 , 1.09 , 1.06 , 0.93 , 1.01 , 0.86 , 9.68 
190, 0.31 ,M,Barnes,NEW, 6.0 , 67.93 , 0.053 , 3.56 ,107%, 4.31 , 3.63 , 4.28 , 3.65 , 3.61 , 3.24 , 3.60 , 3.15 , 29.46 
191, 0.01 ,M,Murphy (Jacob),NEW, 5.9 , 17.03 , 0.048 , 0.92 ,107%, 0.98 , 0.84 , 1.03 , 0.85 , 0.81 , 0.70 , 0.75 , 0.62 , 6.58 
192, 0.03 ,M,Bazoumana Touré,NEW, 6.0 , 23.75 , 0.047 , 1.41 ,107%, 0.85 , 0.95 , 1.65 , 1.38 , 1.34 , 1.18 , 1.29 , 1.11 , 9.76 
193, (0.00),M,Bamba,NEW, 5.0 , 13.54 , 0.031 , 0.52 ,107%, 0.33 , 0.47 , 0.58 , 0.47 , 0.45 , 0.38 , 0.41 , 0.34 , 3.43 
194, 0.10 ,M,Miley (Lewis),NEW, 5.5 , 61.15 , 0.035 , 2.08 ,107%, 3.00 , 2.35 , 2.54 , 2.20 , 2.16 , 1.96 , 2.13 , 1.89 , 18.23 
195, 0.06 ,M,McAtee,NOT, 5.5 , 42.22 , 0.043 , 1.66 ,100%, 2.56 , 1.73 , 1.96 , 1.51 , 1.22 , 1.58 , 1.38 , 1.31 , 13.25 
196, 0.09 ,M,Schlager,NOT, 5.0 , 56.03 , 0.032 , 1.83 ,100%, 2.35 , 2.18 , 2.50 , 2.15 , 1.92 , 2.17 , 2.00 , 1.92 , 17.19 
197, (0.01),M,Nicolás Domínguez,NOT, 5.0 , 10.03 , 0.033 , 0.40 ,100%, 0.41 , 0.34 , 0.42 , 0.31 , 0.23 , 0.28 , 0.23 , 0.19 , 2.41 
198, 0.34 ,M,Gibbs-White,NOT, 7.9 , 82.22 , 0.051 , 4.30 ,100%, 4.92 , 4.25 , 5.57 , 4.39 , 3.64 , 4.71 , 4.18 , 4.01 , 35.68 
199, 0.02 ,M,Hudson-Odoi,NOT, 5.9 , 22.17 , 0.045 , 1.22 ,100%, 0.83 , 0.87 , 1.40 , 1.07 , 0.86 , 1.10 , 0.95 , 0.88 , 7.97 
200, (0.01),M,Yates,NOT, 4.5 , 9.03 , 0.032 , 0.35 ,100%, 0.36 , 0.29 , 0.36 , 0.26 , 0.20 , 0.23 , 0.19 , 0.16 , 2.05 
201, 0.10 ,M,Ndoye,NOT, 5.5 , 50.56 , 0.046 , 2.25 ,100%, 2.95 , 2.20 , 2.67 , 2.07 , 1.69 , 2.19 , 1.93 , 1.83 , 17.54 
202, 0.17 ,M,Sangaré (Ibrahim),NOT, 5.0 , 76.04 , 0.030 , 2.42 ,100%, 2.47 , 2.96 , 3.43 , 2.96 , 2.66 , 3.03 , 2.82 , 2.73 , 23.06 
203, (0.02),M,Bakwa,NOT, 5.5 , -   , 0.043 , -   ,100%, -   , -   , -   , -   , -   , -   , -   , -   , -   
204, (1.00),M,0,NOT, 100.0 , -   , -   , -   ,100%, -   , -   , -   , -   , -   , -   , -   , -   , -   
205, (0.02),M,Hutchinson,NOT, 5.4 , -   , 0.044 , -   ,100%, -   , -   , -   , -   , -   , -   , -   , -   , -   
206, 0.09 ,M,Sadiki,SUN, 5.0 , 82.57 , 0.027 , 2.25 ,92%, 2.56 , 2.17 , 2.04 , 2.45 , 2.20 , 2.53 , 2.40 , 2.29 , 18.63 
207, 0.06 ,M,Fofana,SUN, 5.5 , 48.87 , 0.040 , 2.26 ,92%, 1.45 , 1.56 , 1.75 , 2.25 , 1.95 , 2.35 , 2.19 , 2.08 , 15.58 
208, 0.26 ,M,Xhaka,SUN, 5.5 , 86.65 , 0.033 , 2.87 ,92%, 3.62 , 3.22 , 3.13 , 3.59 , 3.30 , 3.66 , 3.50 , 3.38 , 27.41 
209, (0.01),M,Diarra,SUN, 5.5 , 4.12 , 0.038 , 1.72 ,92%, -   , -   , -   , -   , -   , 0.52 , 1.11 , 1.66 , 3.29 
210, 0.00 ,M,Talbi,SUN, 5.4 , 17.75 , 0.042 , 0.87 ,92%, 0.59 , 0.67 , 0.64 , 0.81 , 0.68 , 0.79 , 0.72 , 0.66 , 5.56 
211, 0.29 ,M,Le Fée,SUN, 5.9 , 83.05 , 0.038 , 3.18 ,92%, 3.97 , 3.45 , 3.30 , 3.95 , 3.55 , 4.08 , 3.87 , 3.72 , 29.90 
212, (1.00),M,Angulo,SUN, 100.0 , 48.19 , 0.040 , 1.79 ,92%, 2.44 , 1.65 , 1.38 , 1.77 , 1.53 , 1.83 , 1.70 , 1.60 , 13.90 
213, (1.00),M,0,SUN, 100.0 , -   , -   , -   ,92%, -   , -   , -   , -   , -   , -   , -   , -   , -   
214, (0.02),M,Sarr (Pape),TOT, 4.9 , -   , 0.037 , -   ,100%, -   , -   , -   , -   , -   , -   , -   , -   , -   
215, 0.09 ,M,Kudus,TOT, 6.5 , 52.54 , 0.045 , 2.53 ,100%, 2.14 , 2.77 , 2.66 , 2.14 , 2.97 , 2.14 , 2.63 , 2.22 , 19.67 
87, 0.02 ,M,McNeil,CPL, 5.5 , 24.31 , 0.043 , 0.95 ,103%, 1.45 , 1.52 , 0.84 , 0.93 , 0.72 , 0.84 , 0.66 , 0.69 , 7.65 
216, 0.02 ,M,Mudryk,TOT, 5.4 , 18.96 , 0.048 , 1.06 ,100%, 0.78 , 1.11 , 1.05 , 0.82 , 1.11 , 0.77 , 0.93 , 0.76 , 7.33 
217, 0.04 ,M,Tel,TOT, 5.9 , 29.31 , 0.049 , 1.21 ,100%, 2.31 , 1.54 , 1.21 , 0.95 , 1.30 , 0.91 , 1.10 , 0.90 , 10.22 
218, 0.01 ,M,Kulusevski,TOT, 6.5 , 18.33 , 0.050 , 1.54 ,100%, 0.28 , 0.61 , 0.97 , 1.23 , 1.70 , 1.20 , 1.46 , 1.21 , 8.65 
219, 0.28 ,M,Mateus Fernandes,TOT, 5.9 , 81.98 , 0.037 , 3.05 ,100%, 3.69 , 3.87 , 3.72 , 3.21 , 4.00 , 3.19 , 3.65 , 3.26 , 28.60 
220, 0.22 ,M,Tonali,TOT, 5.4 , 80.65 , 0.035 , 2.86 ,100%, 3.23 , 3.46 , 3.31 , 2.82 , 3.59 , 2.80 , 3.26 , 2.87 , 25.32 
221, 0.01 ,M,Maddison,TOT, 6.4 , 11.88 , 0.060 , 1.19 ,100%, -   , 0.60 , 1.17 , 0.90 , 1.23 , 0.85 , 1.01 , 0.82 , 6.57 
222, (0.00),M,Bergvall,TOT, 5.4 , 15.03 , 0.036 , 0.61 ,100%, 0.58 , 0.63 , 0.59 , 0.45 , 0.61 , 0.42 , 0.49 , 0.39 , 4.17 
223, 0.04 ,M,Bentancur,TOT, 5.5 , 42.36 , 0.029 , 1.16 ,100%, 1.83 , 1.52 , 1.22 , 1.00 , 1.32 , 0.97 , 1.15 , 0.97 , 9.97 
224, (0.02),M,Simons,TOT, 6.0 , 0.07 , 0.049 , 0.74 ,100%, -   , -   , -   , -   , -   , -   , -   , -   , -   
225, 0.00 ,M,Gray (Archie),TOT, 5.0 , 21.03 , 0.030 , 0.68 ,100%, 0.65 , 0.72 , 0.68 , 0.53 , 0.72 , 0.50 , 0.60 , 0.49 , 4.89 
226, 0.03 ,M,Gallagher,TOT, 5.4 , 30.03 , 0.039 , 1.24 ,100%, 1.18 , 1.32 , 1.25 , 0.99 , 1.37 , 0.97 , 1.18 , 0.98 , 9.23 
117, 0.08 ,M,Stroud,HUL, 5.0 , 58.41 , 0.031 , 1.73 ,100%, 2.77 , 1.90 , 1.65 , 1.85 , 1.64 , 1.82 , 1.93 , 1.16 , 14.71 
118, 0.02 ,M,Hjertø-Dahl,HUL, 5.0 , 24.95 , 0.036 , 1.09 ,100%, 0.78 , 0.79 , 0.97 , 1.10 , 0.94 , 1.05 , 1.11 , 0.61 , 7.34 
119, 0.13 ,M,Slater,HUL, 4.5 , 61.93 , 0.033 , 1.84 ,100%, 3.27 , 2.40 , 2.11 , 1.99 , 1.77 , 1.95 , 2.07 , 1.27 , 16.84 
120, 0.02 ,M,Crooks,HUL, 4.5 , 28.51 , 0.035 , 1.22 ,100%, 0.74 , 0.84 , 1.09 , 1.24 , 1.07 , 1.20 , 1.27 , 0.70 , 8.16 
121, 0.01 ,M,Iroegbunam,HUL, 5.0 , 28.03 , 0.027 , 0.80 ,100%, 0.85 , 0.69 , 0.71 , 0.80 , 0.69 , 0.77 , 0.81 , 0.44 , 5.77 
122, 0.12 ,M,Belloumi,HUL, 5.0 , 56.77 , 0.042 , 2.24 ,100%, 3.16 , 2.27 , 2.04 , 2.34 , 2.04 , 2.31 , 2.47 , 1.39 , 18.02 
123, 0.05 ,M,Cho,HUL, 5.0 , 36.28 , 0.042 , 1.84 ,100%, 1.12 , 1.28 , 1.66 , 1.90 , 1.65 , 1.86 , 1.99 , 1.10 , 12.55 
124, 0.03 ,M,Morita,HUL, 5.0 , 36.32 , 0.030 , 1.19 ,100%, 1.02 , 1.10 , 1.11 , 1.24 , 1.09 , 1.21 , 1.28 , 0.74 , 8.78 
125, (0.00),M,Florentino,IPS, 4.9 , 23.32 , 0.026 , 0.77 ,99%, 0.38 , 0.53 , 0.70 , 0.80 , 0.56 , 0.74 , 0.70 , 0.67 , 5.08 
126, 0.16 ,M,Fatawu,IPS, 5.5 , 66.88 , 0.041 , 2.75 ,99%, 3.17 , 2.94 , 2.68 , 3.05 , 2.28 , 2.93 , 2.85 , 2.77 , 22.68 
127, (0.00),M,Philogene-Bidace,IPS, 5.5 , 11.88 , 0.046 , 0.92 ,99%, -   , 0.43 , 0.83 , 0.94 , 0.64 , 0.85 , 0.79 , 0.74 , 5.22 
128, (0.00),M,Matusiwa,IPS, 5.0 , 18.80 , 0.029 , 0.86 ,99%, -   , 0.39 , 0.79 , 0.89 , 0.64 , 0.82 , 0.78 , 0.75 , 5.06 
129, 0.01 ,M,Clarke (Jack),IPS, 5.5 , 19.39 , 0.043 , 0.95 ,99%, 0.87 , 0.96 , 0.90 , 1.03 , 0.71 , 0.94 , 0.89 , 0.84 , 7.16 
130, 0.02 ,M,Núñez,IPS, 5.0 , 28.03 , 0.038 , 1.13 ,99%, 1.10 , 1.06 , 1.00 , 1.15 , 0.80 , 1.07 , 1.02 , 0.98 , 8.20 
131, 0.11 ,M,Palacios,IPS, 5.5 , 72.31 , 0.028 , 2.21 ,99%, 2.20 , 2.53 , 2.69 , 2.90 , 2.41 , 2.80 , 2.74 , 2.68 , 20.96 
132, 0.09 ,M,Lukic,IPS, 5.0 , 68.75 , 0.030 , 2.01 ,99%, 2.75 , 2.34 , 2.05 , 2.29 , 1.77 , 2.19 , 2.13 , 2.08 , 17.59 
133, 0.13 ,M,Maeda,IPS, 5.5 , 61.11 , 0.044 , 2.63 ,99%, 3.12 , 2.79 , 2.44 , 2.83 , 2.04 , 2.71 , 2.63 , 2.55 , 21.11 
134, 0.24 ,M,Enciso,IPS, 5.5 , 69.59 , 0.048 , 3.33 ,99%, 3.71 , 3.45 , 3.09 , 3.59 , 2.58 , 3.46 , 3.36 , 3.27 , 26.52 
227, 0.22 ,M,Savinho,TOT, 6.5 , 64.60 , 0.052 , 3.50 ,100%, 3.23 , 3.77 , 3.64 , 2.92 , 4.09 , 2.93 , 3.63 , 3.07 , 27.29 
,,,,,,,,,,,,,,,,,,
1, 0.03 ,F,Gyokeres,ARS, 7.4 , 22.90 , 0.059 , 1.34 ,100%, 1.13 , 1.22 , 1.25 , 1.81 , 1.49 , 1.65 , 1.27 , 1.75 , 11.56 
2, (1.00),F,0,ARS, 100.0 , -   , -   , -   ,100%, -   , -   , -   , -   , -   , -   , -   , -   , -   
3, 0.24 ,F,Havertz,ARS, 7.5 , 71.02 , 0.055 , 3.90 ,100%, 4.45 , 4.02 , 3.46 , 3.98 , 3.15 , 3.56 , 2.77 , 3.92 , 29.31 
4, (1.00),F,0,ARS, 100.0 , -   , -   , -   ,100%, -   , -   , -   , -   , -   , -   , -   , -   , -   
5, (1.00),F,0,AVL, 100.0 , -   , -   , -   ,103%, -   , -   , -   , -   , -   , -   , -   , -   , -   
6, 0.38 ,F,Jackson (Nicolas),AVL, 6.5 , 73.11 , 0.058 , 4.27 ,103%, 5.14 , 4.90 , 3.81 , 4.59 , 3.70 , 3.59 , 4.31 , 3.29 , 33.33 
7, 0.02 ,F,Abraham,AVL, 5.5 , 19.75 , 0.049 , 0.96 ,103%, 0.82 , 0.96 , 0.92 , 1.11 , 0.89 , 0.84 , 0.98 , 0.72 , 7.23 
8, (1.00),F,0,AVL, 100.0 , -   , -   , -   ,103%, -   , -   , -   , -   , -   , -   , -   , -   , -   
9, (1.00),F,0,BOU, 100.0 , -   , -   , -   ,100%, -   , -   , -   , -   , -   , -   , -   , -   , -   
10, 0.02 ,F,Rodríguez,BOU, 6.0 , 24.72 , 0.047 , 1.16 ,100%, 0.88 , 1.32 , 1.12 , 0.99 , 1.22 , 0.89 , 1.12 , 1.02 , 8.56 
11, 0.26 ,F,Evanilson,BOU, 6.0 , 74.93 , 0.048 , 3.57 ,100%, 3.52 , 4.04 , 3.40 , 3.05 , 3.86 , 2.89 , 3.72 , 3.48 , 27.97 
12, (1.00),F,0,BOU, 100.0 , -   , -   , -   ,100%, -   , -   , -   , -   , -   , -   , -   , -   , -   
13, (1.00),F,0,BRE, 100.0 , -   , -   , -   ,102%, -   , -   , -   , -   , -   , -   , -   , -   , -   
14, 0.01 ,F,Wilson (Callum),BRE, 5.5 , 15.36 , 0.052 , 0.80 ,102%, 0.77 , 0.73 , 0.77 , 0.65 , 0.65 , 0.68 , 0.64 , 0.48 , 5.37 
15, 0.27 ,F,Thiago,BRE, 8.0 , 79.70 , 0.045 , 3.60 ,102%, 4.95 , 3.84 , 4.13 , 3.55 , 3.77 , 4.12 , 4.15 , 3.34 , 31.85 
16, (1.00),F,0,BRI, 100.0 , -   , -   , -   ,99%, -   , -   , -   , -   , -   , -   , -   , -   , -   
17, 0.07 ,F,Rutter,BRI, 5.5 , 48.15 , 0.042 , 2.03 ,99%, 2.15 , 2.18 , 1.62 , 1.93 , 2.18 , 1.65 , 1.50 , 2.06 , 15.28 
18, (0.00),F,Ferguson,BRI, 5.0 , 10.84 , 0.052 , 0.56 ,99%, -   , -   , -   , 0.79 , 1.43 , 1.07 , 0.96 , 1.29 , 5.53 
19, (0.02),F,Tzimas,BRI, 5.5 , 3.37 , 0.047 , 0.16 ,99%, -   , 0.06 , 0.13 , 0.12 , 0.09 , 0.04 , 0.01 , -   , 0.45 
20, 0.05 ,F,Kostoulas,BRI, 5.5 , 28.23 , 0.055 , 1.55 ,99%, 2.78 , 1.65 , 0.90 , 1.05 , 1.16 , 0.85 , 0.76 , 1.00 , 10.14 
21, 0.06 ,F,David,BRI, 6.0 , 44.72 , 0.044 , 1.95 ,99%, 2.07 , 2.22 , 1.65 , 1.96 , 2.21 , 1.68 , 1.53 , 2.09 , 15.41 
32, 0.02 ,F,Simms,COV, 5.0 , 27.00 , 0.043 , 1.16 ,97%, 0.92 , 1.17 , 1.03 , 1.14 , 0.91 , 1.10 , 1.08 , 0.86 , 8.21 
33, (0.02),F,Wright,COV, 5.4 , 1.03 , 0.042 , 0.04 ,97%, -   , -   , -   , -   , -   , -   , -   , 0.62 , 0.62 
34, 0.03 ,F,Thomas-Asante,COV, 5.0 , 30.00 , 0.042 , 1.27 ,97%, 1.04 , 1.32 , 1.17 , 1.30 , 1.04 , 1.26 , 1.25 , 1.00 , 9.41 
35, (0.01),F,Cherif,COV, 5.0 , 14.29 , 0.034 , 0.48 ,97%, 0.21 , 0.53 , 0.46 , 0.49 , 0.38 , 0.45 , 0.43 , 0.33 , 3.29 
22, (1.00),F,0,CHE, 100.0 , -   , -   , -   ,97%, -   , -   , -   , -   , -   , -   , -   , -   , -   
23, (1.00),F,0,CHE, 100.0 , -   , -   , -   ,97%, -   , -   , -   , -   , -   , -   , -   , -   , -   
24, 0.01 ,F,Welbeck,CHE, 5.9 , 16.14 , 0.052 , 0.84 ,97%, 0.36 , 0.85 , 0.87 , 0.93 , 0.78 , 0.81 , 0.74 , 0.69 , 6.02 
25, 0.32 ,F,João Pedro,CHE, 7.7 , 81.03 , 0.058 , 4.67 ,97%, 3.36 , 5.78 , 4.26 , 4.75 , 4.14 , 4.47 , 4.29 , 4.15 , 35.21 
26, (1.00),F,0,CHE, 100.0 , -   , -   , -   ,97%, -   , -   , -   , -   , -   , -   , -   , -   , -   
27, (1.00),F,0,CHE, 100.0 , -   , -   , -   ,97%, -   , -   , -   , -   , -   , -   , -   , -   , -   
28, (0.02),F,Guiu,CHE, 5.0 , -   , 0.046 , -   ,97%, -   , -   , -   , -   , -   , -   , -   , -   , -   
29, (1.00),F,0,CHE, 100.0 , -   , -   , -   ,97%, -   , -   , -   , -   , -   , -   , -   , -   , -   
30, (1.00),F,0,CHE, 100.0 , -   , -   , -   ,97%, -   , -   , -   , -   , -   , -   , -   , -   , -   
31, 0.25 ,F,Awoniyi,COV, 5.5 , 66.77 , 0.052 , 3.48 ,97%, 3.17 , 3.82 , 3.29 , 3.52 , 2.87 , 3.53 , 3.56 , 2.90 , 26.67 
36, 0.02 ,F,Mateta,CPL, 6.4 , 19.96 , 0.051 , 1.03 ,103%, -   , -   , -   , 1.74 , 2.55 , 3.05 , 2.47 , 2.67 , 12.49 
37, 0.06 ,F,Eddie Nketiah,CPL, 5.5 , 37.50 , 0.052 , 1.94 ,103%, 2.50 , 2.58 , 1.70 , 1.57 , 1.24 , 1.46 , 1.16 , 1.24 , 13.44 
38, (1.00),F,0,CPL, 100.0 , -   , -   , -   ,103%, -   , -   , -   , -   , -   , -   , -   , -   , -   
39, 0.18 ,F,Strand Larsen,CPL, 6.0 , 63.42 , 0.041 , 2.62 ,103%, 3.52 , 4.16 , 3.17 , 2.58 , 1.39 , 1.65 , 1.33 , 1.43 , 19.21 
40, (1.00),F,0,EVE, 100.0 , -   , -   , -   ,100%, -   , -   , -   , -   , -   , -   , -   , -   , -   
41, 0.42 ,F,Barry,EVE, 5.5 , 83.99 , 0.050 , 4.16 ,100%, 4.37 , 3.93 , 5.10 , 4.51 , 4.23 , 2.79 , 3.78 , 4.92 , 33.64 
42, (1.00),F,0,EVE, 100.0 , -   , -   , -   ,100%, -   , -   , -   , -   , -   , -   , -   , -   , -   
43, (1.00),F,0,EVE, 100.0 , -   , -   , -   ,100%, -   , -   , -   , -   , -   , -   , -   , -   , -   
44, (1.00),F,0,EVE, 100.0 , -   , -   , -   ,100%, -   , -   , -   , -   , -   , -   , -   , -   , -   
45, (1.00),F,0,FUL, 100.0 , -   , -   , -   ,104%, -   , -   , -   , -   , -   , -   , -   , -   , -   
46, 0.31 ,F,Gonzalo García,FUL, 6.0 , 76.44 , 0.046 , 3.52 ,104%, 4.44 , 3.26 , 3.64 , 3.84 , 4.41 , 3.77 , 3.21 , 3.76 , 30.36 
47, 0.01 ,F,Rodrigo Muniz,FUL, 5.5 , 18.15 , 0.048 , 0.86 ,104%, 0.82 , 0.77 , 0.85 , 0.87 , 0.96 , 0.79 , 0.64 , 0.72 , 6.41 
48, (1.00),F,0,FUL, 100.0 , -   , -   , -   ,104%, -   , -   , -   , -   , -   , -   , -   , -   , -   
58, 0.02 ,F,Nmecha,LEE, 5.5 , 22.72 , 0.050 , 1.14 ,95%, 0.82 , 1.28 , 1.28 , 0.75 , 1.06 , 1.00 , 0.90 , 0.97 , 8.05 
59, (1.00),F,0,LEE, 100.0 , -   , -   , -   ,95%, -   , -   , -   , -   , -   , -   , -   , -   , -   
60, (0.01),F,Mateo Joseph,LEE, 4.5 , -   , 0.037 , -   ,95%, -   , -   , -   , -   , -   , -   , -   , -   , -   
61, 0.31 ,F,Calvert-Lewin,LEE, 6.0 , 80.05 , 0.046 , 3.72 ,95%, 3.80 , 4.43 , 4.44 , 2.60 , 3.76 , 3.64 , 3.40 , 3.76 , 29.82 
62, (1.00),F,0,LIV, 100.0 , -   , -   , -   ,99%, -   , -   , -   , -   , -   , -   , -   , -   , -   
63, 0.35 ,F,Isak,LIV, 9.0 , 77.55 , 0.064 , 4.99 ,99%, 5.76 , 5.77 , 4.49 , 4.44 , 4.55 , 4.94 , 3.76 , 4.49 , 38.21 
64, (0.02),F,Ekitiké,LIV, 7.5 , 0.15 , 0.062 , 0.01 ,99%, -   , -   , -   , -   , -   , -   , -   , -   , -   
65, (1.00),F,0,LIV, 100.0 , -   , -   , -   ,99%, -   , -   , -   , -   , -   , -   , -   , -   , -   
66, 0.41 ,F,Haaland,MCI, 15.5 , 85.80 , 0.072 , 6.14 ,105%, 8.49 , 5.72 , 7.48 , 5.61 , 7.83 , 5.87 , 6.62 , 5.98 , 53.60 
67, (1.00),F,0,MCI, 100.0 , -   , -   , -   ,105%, -   , -   , -   , -   , -   , -   , -   , -   , -   
68, (1.00),F,0,MCI, 100.0 , -   , -   , -   ,105%, -   , -   , -   , -   , -   , -   , -   , -   , -   
69, (1.00),F,0,MUN, 100.0 , -   , -   , -   ,96%, -   , -   , -   , -   , -   , -   , -   , -   , -   
70, (1.00),F,0,MUN, 100.0 , -   , -   , -   ,96%, -   , -   , -   , -   , -   , -   , -   , -   , -   
71, (0.01),F,Zirkzee,MUN, 5.4 , 8.00 , 0.047 , 0.37 ,96%, 0.35 , 0.31 , 0.29 , 0.27 , 0.21 , 0.20 , 0.13 , 0.12 , 1.88 
72, 0.10 ,F,Sesko,MUN, 7.0 , 51.77 , 0.055 , 2.82 ,96%, 1.79 , 2.51 , 2.97 , 3.11 , 2.86 , 3.14 , 2.58 , 3.04 , 21.99 
73, 0.07 ,F,Fernandez-Pardo,NEW, 6.0 , 49.70 , 0.038 , 1.89 ,107%, 1.07 , 1.69 , 2.88 , 2.45 , 2.42 , 2.17 , 2.41 , 2.11 , 17.20 
74, (0.02),F,Woltemade,NEW, 5.9 , -   , 0.050 , -   ,107%, -   , -   , -   , -   , -   , -   , -   , -   , -   
75, 0.00 ,F,Osula,NEW, 5.9 , 11.03 , 0.061 , 0.67 ,107%, -   , -   , -   , 0.84 , 1.78 , 1.57 , 1.71 , 1.47 , 7.37 
76, 0.48 ,F,Wissa,NEW, 6.1 , 75.03 , 0.058 , 4.32 ,107%, 5.53 , 4.74 , 5.65 , 4.43 , 4.39 , 3.94 , 4.39 , 3.84 , 36.91 
77, (1.00),F,0,NEW, 100.0 , -   , -   , -   ,107%, -   , -   , -   , -   , -   , -   , -   , -   , -   
78, 0.00 ,F,Wood,NOT, 5.9 , 13.93 , 0.050 , 0.70 ,100%, 0.55 , 0.69 , 0.88 , 0.65 , 0.51 , 0.63 , 0.53 , 0.47 , 4.92 
79, 0.11 ,F,Igor Jesus,NOT, 5.9 , 65.23 , 0.041 , 2.67 ,100%, 2.89 , 2.48 , 3.18 , 2.47 , 2.02 , 2.64 , 2.33 , 2.22 , 20.24 
80, 0.09 ,F,Delap,NOT, 5.5 , 57.86 , 0.041 , 2.39 ,100%, 2.14 , 2.26 , 2.98 , 2.32 , 1.90 , 2.48 , 2.18 , 2.08 , 18.33 
81, (0.02),F,Kalimuendo,NOT, 5.4 , 2.00 , 0.050 , 0.10 ,100%, 0.10 , 0.06 , 0.02 , -   , -   , -   , -   , -   , 0.18 
82, (1.00),F,0,NOT, 100.0 , -   , -   , -   ,100%, -   , -   , -   , -   , -   , -   , -   , -   , -   
83, (1.00),F,0,SUN, 100.0 , -   , -   , -   ,92%, -   , -   , -   , -   , -   , -   , -   , -   , -   
84, 0.03 ,F,Isidor,SUN, 5.5 , 29.00 , 0.046 , 1.33 ,92%, 1.26 , 1.03 , 1.00 , 1.27 , 1.08 , 1.28 , 1.18 , 1.10 , 9.20 
85, (1.00),F,0,SUN, 100.0 , -   , -   , -   ,92%, -   , -   , -   , -   , -   , -   , -   , -   , -   
86, 0.11 ,F,Brobbey,SUN, 5.9 , 68.54 , 0.042 , 2.88 ,92%, 2.86 , 2.31 , 2.19 , 2.82 , 2.46 , 2.96 , 2.77 , 2.64 , 21.02 
87, (1.00),F,0,SUN, 100.0 , -   , -   , -   ,92%, -   , -   , -   , -   , -   , -   , -   , -   , -   
88, 0.14 ,F,Solanke,TOT, 5.9 , 52.84 , 0.049 , 2.57 ,100%, 1.99 , 2.87 , 3.16 , 2.52 , 3.54 , 2.53 , 3.14 , 2.65 , 22.41 
89, (1.00),F,0,TOT, 100.0 , -   , -   , -   ,100%, -   , -   , -   , -   , -   , -   , -   , -   , -   
90, 0.31 ,F,Omar Marmoush,TOT, 7.0 , 71.69 , 0.054 , 3.86 ,100%, 4.38 , 4.60 , 4.08 , 3.27 , 4.60 , 3.30 , 4.09 , 3.46 , 31.77 
91, (0.02),F,Richarlison,TOT, 5.9 , -   , 0.055 , -   ,100%, -   , -   , -   , -   , -   , -   , -   , -   , -   
92, (1.00),F,0,WBA, 100.0 , -   , -   , -   ,100%, -   , -   , -   , -   , -   , -   , -   , -   , -   
49, (1.00),F,0,HUL, 100.0 , -   , -   , -   ,100%, -   , -   , -   , -   , -   , -   , -   , -   , -   
50, 0.25 ,F,McBurnie,HUL, 5.5 , 79.59 , 0.040 , 3.21 ,100%, 4.03 , 3.10 , 3.05 , 3.52 , 3.09 , 3.52 , 3.79 , 2.12 , 26.21 
51, 0.01 ,F,Ansah,HUL, 5.0 , 23.85 , 0.034 , 0.80 ,100%, 0.36 , 0.57 , 0.89 , 1.01 , 0.87 , 0.97 , 1.02 , 0.56 , 6.26 
52, (1.00),F,0,HUL, 100.0 , -   , -   , -   ,100%, -   , -   , -   , -   , -   , -   , -   , -   , -   
53, (0.01),F,Egeli,IPS, 4.5 , 12.00 , 0.034 , 0.40 ,99%, 0.40 , 0.36 , 0.33 , 0.36 , 0.24 , 0.30 , 0.26 , 0.23 , 2.47 
54, 0.06 ,F,Emersonn,IPS, 5.5 , 49.72 , 0.039 , 1.96 ,99%, 2.28 , 1.92 , 1.65 , 1.92 , 1.35 , 1.82 , 1.76 , 1.70 , 14.39 
55, (0.00),F,Akpom,IPS, 5.0 , 15.28 , 0.036 , 0.55 ,99%, 0.71 , 0.46 , 0.42 , 0.47 , 0.31 , 0.40 , 0.36 , 0.32 , 3.45 
56, 0.04 ,F,Flemming,IPS, 5.5 , 33.01 , 0.044 , 1.44 ,99%, 0.94 , 1.48 , 1.41 , 1.63 , 1.14 , 1.53 , 1.47 , 1.41 , 11.02 
57, (1.00),F,0,LEE, 100.0 , -   , -   , -   ,95%, -   , -   , -   , -   , -   , -   , -   , -   , -   
93, (1.00),F,0,WBA, 100.0 , -   , -   , -   ,100%, -   , -   , -   , -   , -   , -   , -   , -   , -   
,,,,,,,,,,,,,,,,,,
1, 0.36 ,D,Gabriel,ARS, 8.0 ,,,,, 4.48 , 5.29 , 4.51 , 5.06 , 4.54 , 4.96 , 3.69 , 5.49 , 38.03 
2, 0.33 ,D,Virgil,LIV, 6.5 ,,,,, 4.54 , 4.57 , 4.00 , 3.30 , 3.82 , 4.16 , 3.33 , 4.11 , 31.83 
3, 0.30 ,D,Lacroix,CHE, 6.0 ,,,,, 2.92 , 4.97 , 3.52 , 3.85 , 3.71 , 3.80 , 3.29 , 3.87 , 29.94 
4, 0.24 ,D,Guehi,MCI, 6.0 ,,,,, 4.25 , 2.63 , 3.85 , 2.53 , 3.85 , 3.07 , 3.32 , 3.27 , 26.77 
5, 0.31 ,D,Tarkowski,EVE, 6.0 ,,,,, 3.65 , 3.69 , 4.60 , 4.63 , 3.22 , 2.64 , 3.37 , 4.58 , 30.38 
6, 0.36 ,D,Van Hecke,TOT, 4.9 ,,,,, 3.73 , 4.21 , 3.93 , 2.80 , 4.49 , 2.55 , 3.96 , 3.47 , 29.14 
7, 0.32 ,D,Gvardiol,MCI, 5.6 ,,,,, 4.85 , 2.94 , 4.24 , 2.67 , 4.24 , 3.36 , 3.59 , 3.34 , 29.21 
8, 0.23 ,D,Truffert,BOU, 5.5 ,,,,, 3.17 , 3.71 , 2.95 , 2.33 , 4.23 , 2.45 , 3.87 , 3.60 , 26.33 
9, 0.17 ,D,Mukiele,SUN, 5.5 ,,,,, 3.12 , 2.63 , 2.19 , 3.25 , 3.01 , 3.62 , 3.61 , 2.61 , 24.03 
10, 0.25 ,D,Hill,BOU, 5.5 ,,,,, 3.39 , 3.79 , 3.08 , 2.56 , 4.16 , 2.62 , 3.80 , 3.55 , 26.96 
11, 0.28 ,D,Van de Ven,TOT, 5.0 ,,,,, 3.34 , 3.88 , 3.57 , 2.40 , 4.11 , 2.24 , 3.71 , 3.11 , 26.37 
12, 0.30 ,D,Canvot,CPL, 4.9 ,,,,, 3.56 , 4.11 , 3.31 , 3.63 , 2.92 , 3.21 , 2.87 , 2.61 , 26.21 
13, 0.11 ,D,J.Timber,ARS, 6.5 ,,,,, -   , 1.61 , 2.08 , 3.38 , 3.23 , 3.82 , 2.68 , 4.72 , 21.53 
14, 0.13 ,D,Munoz,NOT, 5.4 ,,,,, 0.95 , 2.29 , 3.98 , 2.76 , 2.22 , 3.00 , 2.41 , 2.13 , 19.73 
15, 0.27 ,D,Branthwaite,EVE, 5.5 ,,,,, 3.35 , 3.38 , 4.12 , 4.23 , 2.85 , 2.38 , 3.05 , 4.14 , 27.49 
16, 0.37 ,D,Thiaw,NEW, 5.0 ,,,,, 3.94 , 3.53 , 4.61 , 3.79 , 3.57 , 3.34 , 3.71 , 3.27 , 29.75 
17, 0.29 ,D,Muharemovic,LEE, 5.0 ,,,,, 3.43 , 3.73 , 4.04 , 2.53 , 3.10 , 3.82 , 3.24 , 3.45 , 27.36 
18, (0.00),D,Saliba,ARS, 6.0 ,,,,, -   , -   , -   , 0.40 , 0.89 , 1.40 , 1.47 , 2.37 , 6.53 
19, 0.27 ,D,Colwill,CHE, 5.0 ,,,,, 2.48 , 4.44 , 3.05 , 3.49 , 3.31 , 3.45 , 2.96 , 3.57 , 26.77 
20, 0.06 ,D,Wieffer,BRI, 5.0 ,,,,, 1.47 , 1.53 , 0.97 , 1.67 , 2.55 , 1.78 , 1.95 , 3.01 , 14.94 
21, 0.21 ,D,Ruben,MCI, 5.5 ,,,,, 3.86 , 2.43 , 3.52 , 2.24 , 3.57 , 2.85 , 3.04 , 2.91 , 24.41 
22, 0.28 ,D,Pedro Porro,TOT, 5.5 ,,,,, 3.48 , 4.03 , 3.79 , 2.52 , 4.41 , 2.30 , 3.80 , 3.19 , 27.52 
23, 0.34 ,D,Botman,NEW, 5.0 ,,,,, 3.88 , 3.47 , 4.37 , 3.67 , 3.47 , 3.14 , 3.56 , 3.01 , 28.56 
24, 0.20 ,D,James,CHE, 5.5 ,,,,, 2.23 , 4.30 , 2.68 , 3.27 , 2.91 , 2.97 , 2.75 , 2.90 , 24.02 
25, 0.28 ,D,Richards,CPL, 5.0 ,,,,, 3.54 , 4.03 , 3.29 , 3.52 , 2.94 , 3.19 , 2.87 , 2.70 , 26.08 
26, 0.17 ,D,Palestra,CHE, 5.4 ,,,,, 0.67 , 3.60 , 2.79 , 3.37 , 3.03 , 3.26 , 2.74 , 3.20 , 22.67 
27, 0.26 ,D,Kayode,BRE, 4.6 ,,,,, 4.21 , 2.94 , 2.71 , 2.83 , 2.55 , 3.79 , 3.39 , 2.59 , 25.02 
28, 0.29 ,D,Murillo,NOT, 5.5 ,,,,, 4.06 , 3.26 , 4.29 , 3.54 , 2.91 , 3.67 , 3.08 , 2.71 , 27.52 
29, 0.28 ,D,Andersen,FUL, 5.0 ,,,,, 4.04 , 2.58 , 2.93 , 3.50 , 4.31 , 3.57 , 2.87 , 3.13 , 26.92 
30, 0.30 ,D,Collins,BRE, 5.5 ,,,,, 4.64 , 3.57 , 3.18 , 3.25 , 2.85 , 3.88 , 3.56 , 2.89 , 27.83 
31, 0.21 ,D,Martinez,MUN, 5.0 ,,,,, 3.53 , 2.68 , 3.15 , 3.10 , 3.03 , 3.13 , 2.13 , 2.97 , 23.72 
32, 0.22 ,D,Maatsen,AVL, 4.5 ,,,,, 3.72 , 3.28 , 2.51 , 2.90 , 2.39 , 2.10 , 3.17 , 1.89 , 21.95 
33, 0.24 ,D,Robinson,FUL, 4.5 ,,,,, 3.70 , 2.16 , 2.57 , 3.09 , 4.09 , 3.23 , 2.56 , 2.98 , 24.37 
34, 0.26 ,D,Silva,BOU, 5.0 ,,,,, 3.35 , 3.78 , 3.05 , 2.45 , 4.04 , 2.59 , 3.73 , 3.45 , 26.42 
35, 0.34 ,D,Hall,NEW, 5.1 ,,,,, 3.90 , 3.32 , 4.76 , 3.68 , 3.55 , 3.14 , 3.57 , 3.04 , 28.96 
36, 0.26 ,D,Milenkovic,NOT, 5.5 ,,,,, 3.79 , 3.16 , 4.13 , 3.30 , 2.66 , 3.49 , 2.96 , 2.56 , 26.05 
37, 0.26 ,D,Bijol,LEE, 5.0 ,,,,, 3.34 , 3.58 , 3.88 , 2.39 , 2.97 , 3.59 , 3.11 , 3.19 , 26.04 
38, 0.17 ,D,Cash,AVL, 4.5 ,,,,, 3.32 , 2.98 , 2.22 , 2.46 , 2.13 , 1.78 , 2.84 , 1.67 , 19.40 
39, 0.18 ,D,Khalaili,CPL, 5.0 ,,,,, 2.99 , 3.57 , 2.71 , 3.03 , 2.35 , 2.69 , 2.31 , 2.17 , 21.81 
40, 0.19 ,D,Frimpong,LIV, 5.5 ,,,,, 3.34 , 3.59 , 2.91 , 2.52 , 2.72 , 3.24 , 2.36 , 3.09 , 23.76 
41, 0.31 ,D,Vuskovic,BRI, 5.0 ,,,,, 4.15 , 4.04 , 2.85 , 3.64 , 3.69 , 2.50 , 2.25 , 3.30 , 26.42 
42, 0.19 ,D,Fofana,CHE, 5.0 ,,,,, 2.34 , 3.80 , 2.67 , 3.11 , 2.93 , 3.03 , 2.62 , 3.04 , 23.54 
43, 0.21 ,D,Mitchell,CPL, 4.5 ,,,,, 3.00 , 3.68 , 2.69 , 3.04 , 2.26 , 2.75 , 2.27 , 2.11 , 21.79 
44, 0.17 ,D,Kerkez,LIV, 5.5 ,,,,, 3.33 , 3.51 , 2.69 , 2.29 , 2.45 , 2.93 , 2.16 , 2.72 , 22.06 
45, 0.20 ,D,Mendy,HUL, 4.0 ,,,,, 3.08 , 2.09 , 2.61 , 3.28 , 2.84 , 2.89 , 3.22 , 1.85 , 21.87 
46, 0.24 ,D,F.Kadioglu,BRI, 4.4 ,,,,, 3.66 , 3.50 , 2.34 , 3.01 , 3.21 , 1.80 , 1.61 , 2.64 , 21.76 
47, 0.08 ,D,Lindelof,AVL, 4.5 ,,,,, 2.67 , 1.88 , 1.53 , 1.70 , 1.55 , 1.36 , 2.12 , 1.27 , 14.08 
48, 0.18 ,D,Mykolenko,EVE, 4.5 ,,,,, 2.60 , 2.63 , 3.43 , 3.38 , 2.31 , 1.75 , 2.32 , 3.45 , 21.87 
49, 0.18 ,D,Maguire,MUN, 5.0 ,,,,, 3.75 , 2.83 , 2.98 , 2.58 , 2.49 , 2.54 , 1.88 , 2.58 , 21.63 
50, 0.20 ,D,Pau,AVL, 4.5 ,,,,, 3.60 , 3.13 , 2.44 , 2.74 , 2.30 , 1.98 , 3.01 , 1.84 , 21.07 
51, 0.11 ,D,Dalot,MUN, 5.0 ,,,,, 2.62 , 2.13 , 2.60 , 2.75 , 2.49 , 2.73 , 1.84 , 2.71 , 19.87 
52, 0.20 ,D,Bassey,FUL, 4.5 ,,,,, 3.48 , 2.01 , 2.46 , 2.91 , 3.73 , 3.01 , 2.42 , 2.64 , 22.67 
53, 0.13 ,D,Dunk,BRI, 4.5 ,,,,, 3.01 , 2.82 , 1.94 , 2.49 , 2.57 , 1.58 , 1.41 , 2.21 , 18.04 
54, 0.14 ,D,Shaw,MUN, 4.5 ,,,,, 2.61 , 2.24 , 2.84 , 2.91 , 2.65 , 2.96 , 1.88 , 2.81 , 20.90 
55, 0.23 ,D,Jacquet,LIV, 5.0 ,,,,, 3.66 , 3.70 , 3.03 , 2.51 , 2.86 , 3.10 , 2.50 , 3.01 , 24.37 
56, 0.17 ,D,Castagne,FUL, 4.5 ,,,,, 3.19 , 1.85 , 2.27 , 2.70 , 3.46 , 2.76 , 2.19 , 2.45 , 20.87 
57, 0.14 ,D,Khusanov,MCI, 5.5 ,,,,, 3.54 , 1.98 , 2.93 , 1.92 , 2.88 , 2.29 , 2.55 , 2.43 , 20.53 
58, 0.16 ,D,Davis,IPS, 4.0 ,,,,, 2.19 , 2.64 , 2.54 , 3.16 , 1.37 , 2.95 , 3.32 , 2.79 , 20.95 
59, 0.14 ,D,Amenda,COV, 4.0 ,,,,, 1.76 , 2.77 , 2.55 , 2.60 , 2.27 , 2.86 , 3.12 , 2.43 , 20.36 
60, 0.12 ,D,Gudmundsson,LEE, 4.5 ,,,,, 0.58 , 2.13 , 3.34 , 1.75 , 2.48 , 2.92 , 2.42 , 2.83 , 18.46 
61, 0.17 ,D,Bogle,LEE, 4.5 ,,,,, 2.65 , 3.10 , 3.34 , 1.73 , 2.50 , 2.98 , 2.44 , 2.79 , 21.53 
62, 0.17 ,D,Diop,IPS, 4.0 ,,,,, 2.34 , 2.76 , 2.68 , 3.03 , 1.61 , 2.89 , 3.24 , 2.72 , 21.28 
63, 0.13 ,D,Ballard,SUN, 5.0 ,,,,, 2.99 , 2.45 , 1.83 , 2.73 , 2.48 , 2.90 , 2.91 , 2.16 , 20.47 
64, 0.18 ,D,Egan,HUL, 4.0 ,,,,, 3.18 , 2.01 , 2.46 , 3.02 , 2.54 , 2.54 , 2.85 , 1.63 , 20.23 
65, 0.28 ,D,Calafiori,ARS, 5.7 ,,,,, 3.83 , 3.94 , 3.29 , 3.69 , 3.21 , 3.53 , 2.38 , 3.81 , 27.69 
66, 0.15 ,D,Ajayi,HUL, 4.1 ,,,,, 3.05 , 1.92 , 2.35 , 2.85 , 2.41 , 2.42 , 2.74 , 1.46 , 19.20 
67, 0.20 ,D,O'Shea,IPS, 4.0 ,,,,, 2.44 , 2.82 , 2.84 , 3.23 , 1.78 , 3.10 , 3.44 , 2.94 , 22.59 
68, 0.18 ,D,White,ARS, 5.5 ,,,,, 3.70 , 3.77 , 2.70 , 2.36 , 1.94 , 1.87 , 1.39 , 2.02 , 19.75 
69, 0.15 ,D,Thomas,COV, 4.0 ,,,,, 1.92 , 2.85 , 2.63 , 2.71 , 2.29 , 2.82 , 3.10 , 2.50 , 20.82 
70, 0.11 ,D,Dasilva,COV, 4.0 ,,,,, 1.34 , 2.53 , 2.22 , 2.36 , 1.91 , 2.61 , 2.83 , 2.04 , 17.84 
71, 0.01 ,D,Van den Berg,BRE, 4.9 ,,,,, -   , -   , -   , 0.94 , 1.47 , 2.76 , 2.50 , 2.34 , 10.01 
72, 0.12 ,D,van Ewijk,COV, 4.0 ,,,,, 1.52 , 2.60 , 2.40 , 2.55 , 2.06 , 2.83 , 3.01 , 2.27 , 19.22 
73, 0.07 ,D,Gusto,CHE, 5.0 ,,,,, 1.44 , 2.64 , 1.66 , 2.09 , 1.92 , 2.06 , 1.84 , 2.12 , 15.76 
74, 0.09 ,D,Reinildo,SUN, 4.5 ,,,,, 2.39 , 2.02 , 1.51 , 2.35 , 2.09 , 2.54 , 2.53 , 1.82 , 17.25 
75, 0.06 ,D,Maitland-Niles,EVE, 4.5 ,,,,, 1.14 , 1.65 , 1.96 , 1.99 , 1.53 , 1.18 , 1.52 , 2.26 , 13.23 
76, 0.26 ,D,N.Williams,NOT, 5.0 ,,,,, 3.91 , 3.05 , 4.20 , 3.06 , 2.28 , 3.26 , 2.54 , 2.29 , 24.60 
77, 0.09 ,D,Udogie,TOT, 4.5 ,,,,, 1.59 , 2.37 , 2.26 , 1.51 , 2.65 , 1.46 , 2.38 , 2.01 , 16.22 
78, 0.11 ,D,Greaves,IPS, 4.0 ,,,,, 2.12 , 2.43 , 2.33 , 2.49 , 1.46 , 2.47 , 2.68 , 2.26 , 18.24 
79, 0.23 ,D,O'Reilly,MCI, 6.5 ,,,,, 4.69 , 2.53 , 3.90 , 2.35 , 3.95 , 2.94 , 3.22 , 3.05 , 26.62 
80, (0.01),D,Rodon,LEE, 4.5 ,,,,, -   , -   , -   , -   , -   , -   , 0.64 , 1.59 , 2.23 
81, (1.00),D,Dedic,NEW,  ,,,,, 1.25 , 1.13 , 1.38 , 0.85 , 0.94 , 0.71 , 0.96 , 0.68 , 7.89 
82, 0.25 ,D,Ajer,BRE, 4.5 ,,,,, 4.37 , 3.27 , 2.84 , 2.58 , 2.16 , 2.80 , 2.55 , 2.09 , 22.66 
83, 0.10 ,D,Giles,HUL, 4.0 ,,,,, 2.64 , 1.39 , 1.80 , 2.47 , 2.02 , 2.10 , 2.65 , 1.07 , 16.13 
84, 0.11 ,D,Hume,SUN, 4.5 ,,,,, 2.46 , 2.11 , 1.58 , 2.71 , 2.25 , 2.77 , 2.71 , 1.97 , 18.56 
85, 0.14 ,D,Disasi,CPL, 4.5 ,,,,, 2.39 , 3.18 , 2.55 , 2.71 , 2.14 , 2.42 , 2.14 , 1.96 , 19.50 
86, 0.06 ,D,Diomande,NOT, 5.4 ,,,,, 1.21 , 1.72 , 2.39 , 2.14 , 1.75 , 2.39 , 1.97 , 1.72 , 15.29 
87, 0.20 ,D,Boscagli,BRI, 4.5 ,,,,, 3.41 , 3.20 , 2.23 , 2.88 , 2.98 , 1.81 , 1.61 , 2.60 , 20.73 
88, 0.08 ,D,Smith,BOU, 4.5 ,,,,, 2.06 , 2.29 , 1.57 , 1.29 , 2.31 , 1.30 , 2.01 , 1.86 , 14.70 
89, 0.07 ,D,Alderete,SUN, 5.0 ,,,,, 1.40 , 1.89 , 1.62 , 2.41 , 2.20 , 2.62 , 2.53 , 1.94 , 16.60 
90, 0.35 ,D,De Cuyper,BRI, 4.7 ,,,,, 4.82 , 4.58 , 2.90 , 3.36 , 3.35 , 1.74 , 1.51 , 2.30 , 24.57 
91, 0.22 ,D,Konsa,ARS, 4.4 ,,,,, 2.84 , 3.34 , 2.81 , 3.49 , 2.94 , 2.94 , 1.94 , 2.91 , 23.21 
92, 0.10 ,D,Aina,NOT, 4.5 ,,,,, 2.98 , 1.97 , 2.17 , 1.73 , 1.37 , 1.76 , 1.44 , 1.29 , 14.71 
93, 0.08 ,D,Norton-Cuffy,HUL, 4.0 ,,,,, 2.17 , 1.29 , 1.61 , 2.23 , 1.90 , 1.90 , 2.44 , 0.98 , 14.53 
94, 0.04 ,D,Danso,SUN, 5.0 ,,,,, 0.43 , 1.16 , 1.18 , 1.82 , 1.76 , 2.01 , 1.97 , 1.54 , 11.86 
95, 0.10 ,D,Diouf,BRE, 4.5 ,,,,, 2.05 , 1.88 , 2.16 , 2.33 , 2.00 , 3.03 , 2.61 , 2.02 , 18.09 
96, 0.06 ,D,Livramento,NEW, 4.9 ,,,,, 0.13 , 1.56 , 2.56 , 2.19 , 1.97 , 1.90 , 2.10 , 1.81 , 14.23 
97, 0.04 ,D,Meunier,SUN, 4.5 ,,,,, 1.71 , 1.27 , 0.92 , 1.28 , 1.16 , 1.39 , 1.52 , 1.10 , 10.36 
98, 0.08 ,D,Jair Cunha,NOT, 4.5 ,,,,, 2.53 , 1.69 , 2.25 , 1.72 , 1.37 , 1.68 , 1.49 , 1.43 , 14.16 
99, 0.01 ,D,Yoro,MUN, 4.9 ,,,,, 0.69 , 0.65 , 0.76 , 0.76 , 0.77 , 0.87 , 0.65 , 0.93 , 6.07 
100, 0.05 ,D,Robertson,TOT, 4.5 ,,,,, 1.76 , 1.52 , 1.54 , 1.12 , 1.85 , 1.06 , 1.71 , 1.37 , 11.94 
101, 0.04 ,D,Sanchez,BOU, 4.5 ,,,,, 0.68 , 1.16 , 1.32 , 1.11 , 1.87 , 1.17 , 1.81 , 1.73 , 10.85 
102, 0.04 ,D,Sessegnon,FUL, 4.5 ,,,,, 1.27 , 0.92 , 1.26 , 1.54 , 1.91 , 1.58 , 1.35 , 1.64 , 11.47 
103, 0.04 ,D,Araujo,LIV, 5.4 ,,,,, 1.44 , 1.63 , 1.36 , 1.28 , 1.40 , 1.67 , 1.34 , 1.65 , 11.77 
104, 0.10 ,D,Justin,LEE, 4.5 ,,,,, 2.43 , 2.43 , 2.53 , 1.54 , 1.94 , 2.34 , 1.93 , 2.08 , 17.22 
105, 0.03 ,D,De Ligt,MUN, 5.0 ,,,,, -   , 0.12 , 0.98 , 2.11 , 2.10 , 2.32 , 1.61 , 2.34 , 11.59 
106, 0.06 ,D,Mazraoui,MUN, 4.5 ,,,,, 1.63 , 1.34 , 1.67 , 1.66 , 1.61 , 1.63 , 1.16 , 1.71 , 12.41 
107, 0.13 ,D,Elvedi,LEE, 4.5 ,,,,, 2.88 , 2.65 , 2.77 , 1.76 , 2.19 , 2.77 , 2.11 , 1.96 , 19.08 
108, 0.04 ,D,Mosquera,ARS, 5.5 ,,,,, 1.35 , 1.49 , 1.43 , 1.30 , 1.24 , 1.33 , 0.95 , 1.25 , 10.33 
109, 0.03 ,D,Wan-Bissaka,AVL, 4.5 ,,,,, 1.33 , 1.11 , 0.91 , 1.15 , 0.95 , 0.92 , 1.34 , 0.87 , 8.57 
110, 0.01 ,D,Senesi,TOT, 5.9 ,,,,, 0.62 , 0.85 , 0.89 , 0.79 , 1.34 , 0.83 , 1.26 , 1.20 , 7.76 
111, 0.01 ,D,Herrington,HUL, 4.0 ,,,,, 0.79 , 0.58 , 0.77 , 0.91 , 0.85 , 0.77 , 0.89 , 0.53 , 6.09 
112, 0.00 ,D,Struijk,BRI, 5.0 ,,,,, 0.63 , 0.73 , 0.61 , 0.67 , 0.77 , 0.54 , 0.53 , 0.80 , 5.28 
113, 0.05 ,D,Matheus N.,MCI, 5.9 ,,,,, 1.47 , 1.33 , 2.08 , 1.39 , 2.15 , 1.79 , 1.94 , 1.92 , 14.09 
114, 0.02 ,D,Pinnock,COV, 4.5 ,,,,, 0.55 , 1.02 , 1.02 , 1.12 , 1.02 , 1.34 , 1.43 , 1.30 , 8.81 
115, 0.08 ,D,Hato,CHE, 4.5 ,,,,, 1.50 , 2.50 , 1.65 , 2.12 , 1.86 , 1.95 , 1.74 , 2.17 , 15.50 
116, 0.03 ,D,Hincapie,ARS, 5.4 ,,,,, 0.88 , 1.21 , 1.18 , 1.54 , 1.41 , 1.67 , 1.16 , 2.00 , 11.05 
117, 0.03 ,D,Tomiyasu,CPL, 4.5 ,,,,, 1.16 , 1.07 , 0.94 , 1.18 , 0.93 , 1.16 , 1.07 , 1.00 , 8.51 
118, (0.00),D,Gomez,LIV, 5.0 ,,,,, -   , 0.51 , 0.70 , 0.72 , 0.78 , 0.93 , 0.80 , 0.97 , 5.40 
119, 0.01 ,D,Coyle,HUL, 4.0 ,,,,, 0.91 , 0.51 , 0.66 , 0.91 , 0.80 , 0.91 , 1.10 , 0.54 , 6.34 
120, (0.00),D,Keane,EVE, 4.9 ,,,,, 0.39 , 0.43 , 0.61 , 0.70 , 0.57 , 0.54 , 0.65 , 0.91 , 4.80 
121, (0.00),D,Heaven,MUN, 4.5 ,,,,, 0.52 , 0.55 , 0.63 , 0.48 , 0.50 , 0.55 , 0.43 , 0.61 , 4.27 
122, (0.00),D,Acheampong,CHE, 4.5 ,,,,, 0.48 , 0.60 , 0.48 , 0.60 , 0.58 , 0.64 , 0.64 , 0.76 , 4.77 
123, 0.00 ,D,Hickey,BRE, 4.5 ,,,,, 0.68 , 0.55 , 0.59 , 0.63 , 0.59 , 0.75 , 0.80 , 0.66 , 5.25 
124, 0.03 ,D,Ouattara,IPS, 4.0 ,,,,, 0.70 , 0.99 , 1.19 , 1.59 , 0.71 , 1.48 , 1.72 , 1.41 , 9.79 
125, 0.00 ,D,Schär,NEW, 5.0 ,,,,, 0.78 , 0.50 , 0.69 , 0.62 , 0.56 , 0.64 , 0.80 , 0.72 , 5.30 
126, 0.01 ,D,Tsimikas,LIV, 5.0 ,,,,, 0.92 , 0.98 , 0.81 , 0.71 , 0.83 , 0.98 , 0.81 , 1.05 , 7.10 
127, (0.00),D,Mings,AVL, 4.5 ,,,,, 0.59 , 0.46 , 0.45 , 0.63 , 0.55 , 0.55 , 0.75 , 0.55 , 4.53 
128, 0.03 ,D,Costinha,BRI, 4.5 ,,,,, 1.52 , 1.28 , 0.93 , 1.05 , 0.83 , 0.44 , 0.31 , 0.52 , 6.89 
129, (0.01),D,Henry,BRE, 4.5 ,,,,, 0.46 , 0.35 , 0.32 , 0.32 , 0.33 , 0.41 , 0.46 , 0.38 , 3.03 
130, (0.00),D,Burn,NEW, 4.9 ,,,,, -   , 0.36 , 0.80 , 0.84 , 0.79 , 0.93 , 0.95 , 0.96 , 5.63 
131, 0.00 ,D,Methalie,SUN, 4.5 ,,,,, 0.41 , 0.44 , 0.46 , 0.84 , 0.71 , 0.95 , 0.90 , 0.80 , 5.49 
132, (0.01),D,Savona,NOT, 4.5 ,,,,, -   , -   , -   , 0.21 , 0.30 , 0.57 , 0.47 , 0.47 , 2.03 
133, (0.01),D,Furlong,IPS, 4.0 ,,,,, 0.27 , 0.29 , 0.25 , 0.32 , 0.19 , 0.33 , 0.36 , 0.37 , 2.38 
134, 0.02 ,D,Mingueza,CPL, 4.4 ,,,,, 0.71 , 0.92 , 0.80 , 0.98 , 0.82 , 1.03 , 0.86 , 0.89 , 7.02 
135, (0.00),D,Hadjam,BRI, 4.5 ,,,,, 0.54 , 0.62 , 0.56 , 0.75 , 0.72 , 0.40 , 0.42 , 0.62 , 4.62 
136, 0.00 ,D,Diakite,BOU, 5.0 ,,,,, 0.40 , 0.64 , 0.64 , 0.59 , 0.97 , 0.76 , 1.05 , 1.11 , 6.16 
137, (0.00),D,Targett,HUL, 4.0 ,,,,, 0.50 , 0.32 , 0.45 , 0.63 , 0.58 , 0.60 , 0.75 , 0.36 , 4.18 
138, (0.00),D,Aït-Nouri,MCI, 5.4 ,,,,, 0.55 , 0.35 , 0.55 , 0.48 , 0.67 , 0.64 , 0.75 , 0.75 , 4.75 
139, (0.01),D,Davies,TOT, 4.0 ,,,,, 0.14 , 0.19 , 0.18 , 0.16 , 0.28 , 0.18 , 0.26 , 0.24 , 1.63 
140, (0.00),D,Netz,NOT, 4.5 ,,,,, 0.33 , 0.33 , 0.44 , 0.47 , 0.39 , 0.52 , 0.45 , 0.47 , 3.39 
141, (0.00),D,Lewis,MCI, 4.5 ,,,,, 0.48 , 0.25 , 0.39 , 0.32 , 0.49 , 0.46 , 0.51 , 0.51 , 3.42 
142, (0.01),D,Hughes,HUL, 4.0 ,,,,, -   , -   , -   , 0.34 , 0.53 , 0.92 , 1.28 , 0.85 , 3.92 
143, 0.01 ,D,Chavarria,CHE, 5.0 ,,,,, 0.67 , 1.12 , 0.65 , 0.83 , 0.74 , 0.79 , 0.81 , 0.82 , 6.43 
144, (0.01),D,De Fougerolles,FUL, 4.0 ,,,,, 0.09 , 0.06 , 0.08 , 0.08 , 0.12 , 0.09 , 0.09 , 0.09 , 0.68 
145, 0.00 ,D,O'Brien,EVE, 4.9 ,,,,, 0.50 , 0.49 , 0.78 , 0.93 , 0.72 , 0.66 , 0.80 , 1.12 , 6.00 
146, (0.01),D,Milosavljevic,BOU, 5.0 ,,,,, -   , 0.01 , 0.11 , 0.23 , 0.36 , 0.29 , 0.42 , 0.42 , 1.85 
147, (0.01),D,O'Nien,SUN, 4.0 ,,,,, 0.21 , 0.15 , 0.14 , 0.23 , 0.23 , 0.29 , 0.26 , 0.22 , 1.72 
148, (0.01),D,Kipre,IPS, 4.0 ,,,,, 0.22 , 0.28 , 0.31 , 0.45 , 0.29 , 0.52 , 0.70 , 0.62 , 3.41 
149, (0.00),D,Ahanor,CPL, 4.5 ,,,,, 0.16 , 0.30 , 0.54 , 0.74 , 0.59 , 0.76 , 0.68 , 0.65 , 4.41 
150, (0.02),D,Bradley,LIV, 5.0 ,,,,, -   , -   , -   , -   , -   , -   , -   , -   , -   
151, 0.00 ,D,Tete,FUL, 4.5 ,,,,, 0.50 , 0.37 , 0.55 , 0.74 , 1.01 , 0.86 , 0.71 , 0.87 , 5.61 
152, (0.01),D,Vitor Reis,MCI, 4.5 ,,,,, 0.16 , 0.10 , 0.14 , 0.10 , 0.16 , 0.14 , 0.17 , 0.15 , 1.13 
153, (0.01),D,Braithwaite,MCI, 4.0 ,,,,, 0.10 , 0.06 , 0.07 , 0.04 , 0.12 , 0.10 , 0.12 , 0.11 , 0.72 
154, (0.01),D,Leoni,LIV, 4.0 ,,,,, -   , -   , -   , 0.06 , 0.14 , 0.21 , 0.22 , 0.30 , 0.93 
155, (0.01),D,Tosin,TOT, 4.5 ,,,,, 0.12 , 0.17 , 0.19 , 0.22 , 0.34 , 0.28 , 0.37 , 0.40 , 2.08 
156, (0.00),D,J.Cuenca,FUL, 4.5 ,,,,, 0.32 , 0.31 , 0.46 , 0.63 , 0.86 , 0.87 , 0.60 , 0.80 , 4.84 
157, (0.01),D,Kesler-Hayden,COV, 4.0 ,,,,, -   , -   , 0.13 , 0.33 , 0.33 , 0.44 , 0.48 , 0.39 , 2.10 
158, (0.01),D,Affengruber,FUL, 4.5 ,,,,, 0.11 , 0.13 , 0.26 , 0.40 , 0.46 , 0.48 , 0.44 , 0.54 , 2.83 
159, (0.01),D,Johnson,IPS, 4.0 ,,,,, 0.04 , 0.04 , 0.04 , 0.04 , 0.02 , 0.04 , 0.05 , 0.04 , 0.31 
160, (0.01),D,Soler,BOU, 4.0 ,,,,, 0.11 , 0.17 , 0.18 , 0.18 , 0.27 , 0.20 , 0.27 , 0.25 , 1.63 
161, (0.01),D,J.Araujo,BOU, 4.5 ,,,,, -   , 0.01 , 0.01 , 0.02 , 0.07 , 0.08 , 0.14 , 0.12 , 0.45 
162, (0.01),D,Shahar,NEW, 4.0 ,,,,, 0.08 , 0.01 , 0.01 , 0.06 , 0.06 , 0.06 , 0.07 , 0.08 , 0.43 
163, (0.01),D,McCarthy,HUL, 4.0 ,,,,, 0.02 , 0.01 , 0.01 , 0.02 , 0.03 , 0.03 , 0.04 , 0.02 , 0.18 
164, (0.01),D,McNair,HUL, 4.0 ,,,,, 0.13 , 0.11 , 0.19 , 0.23 , 0.18 , 0.19 , 0.21 , 0.14 , 1.38 
165, (0.01),D,Chilwell,CPL, 4.5 ,,,,, 0.15 , 0.24 , 0.36 , 0.46 , 0.39 , 0.47 , 0.45 , 0.44 , 2.95 
166, 0.00 ,D,Bard,LEE, 4.5 ,,,,, 0.60 , 0.75 , 0.60 , 0.49 , 0.60 , 0.78 , 0.65 , 0.73 , 5.19 
167, 0.00 ,D,Ruggeri,AVL, 4.5 ,,,,, 0.66 , 0.66 , 0.61 , 0.74 , 0.69 , 0.61 , 0.93 , 0.64 , 5.53 
168, (0.01),D,Bidwell,COV, 4.0 ,,,,, 0.06 , 0.06 , 0.07 , 0.07 , 0.09 , 0.12 , 0.11 , 0.11 , 0.70 
169, (0.01),D,Coppola,BRI, 4.5 ,,,,, -   , 0.01 , 0.01 , 0.01 , 0.02 , 0.01 , 0.01 , 0.01 , 0.08 
170, (0.01),D,Latibeaudiere,COV, 4.0 ,,,,, 0.10 , 0.16 , 0.17 , 0.18 , 0.22 , 0.26 , 0.29 , 0.25 , 1.64 
171, (0.01),D,Lienou,LEE, 4.0 ,,,,, 0.03 , 0.04 , 0.01 , 0.03 , 0.04 , 0.06 , 0.01 , 0.05 , 0.28 
172, (0.01),D,Svoboda,BRI, 5.0 ,,,,, -   , 0.04 , 0.07 , 0.10 , 0.13 , 0.09 , 0.11 , 0.14 , 0.68 
173, (0.01),D,Ji-soo,BRE, 4.5 ,,,,, -   , 0.05 , 0.07 , 0.06 , 0.04 , 0.01 , 0.05 , 0.01 , 0.30 
174, (0.01),D,Anselmino,CHE, 4.5 ,,,,, 0.06 , 0.09 , 0.10 , 0.12 , 0.11 , 0.15 , 0.12 , 0.15 , 0.91 
175, (0.01),D,Schuster,BRE, 4.5 ,,,,, 0.20 , 0.26 , 0.35 , 0.30 , 0.12 , 0.14 , 0.18 , 0.17 , 1.72 
176, (0.01),D,A.Garcia,AVL, 4.0 ,,,,, -   , 0.00 , 0.00 , 0.01 , 0.01 , 0.01 , 0.01 , 0.01 , 0.04 
177, (0.01),D,Woolfenden,COV, 4.0 ,,,,, -   , 0.03 , 0.09 , 0.19 , 0.23 , 0.32 , 0.33 , 0.32 , 1.52 
178, (0.01),D,A.Murphy,NEW, 4.0 ,,,,, -   , -   , -   , -   , -   , -   , -   , -   , -   
179, (0.01),D,M.Sarr,CHE, 4.5 ,,,,, -   , -   , -   , -   , -   , -   , -   , -   , -   
180, (0.02),D,Chalobah,CHE, 5.5 ,,,,, -   , -   , -   , -   , -   , -   , -   , -   , -   
181, (1.00),D,Zabarnyi,BOU,  ,,,,, -   , -   , -   , -   , -   , -   , -   , -   , -   
182, (1.00),D,Sousa,AVL,  ,,,,, -   , -   , -   , -   , -   , -   , -   , -   , -   
183, (1.00),D,Meupiyou,,  ,,,,, -   , -   , -   , -   , -   , -   , -   , -   , -   
184, (1.00),D,Reguilon,TOT,  ,,,,, -   , -   , -   , -   , -   , -   , -   , -   , -   
185, (1.00),D,0,,  ,,,,, -   , -   , -   , -   , -   , -   , -   , -   , -   
186, (1.00),D,0,,  ,,,,, -   , -   , -   , -   , -   , -   , -   , -   , -   
187, (1.00),D,0,,  ,,,,, -   , -   , -   , -   , -   , -   , -   , -   , -   
188, (1.00),D,0,,  ,,,,, -   , -   , -   , -   , -   , -   , -   , -   , -   
189, (1.00),D,0,,  ,,,,, -   , -   , -   , -   , -   , -   , -   , -   , -   
190, (1.00),D,0,,  ,,,,, -   , -   , -   , -   , -   , -   , -   , -   , -   
191, (1.00),D,0,,  ,,,,, -   , -   , -   , -   , -   , -   , -   , -   , -   
192, (1.00),D,0,,  ,,,,, -   , -   , -   , -   , -   , -   , -   , -   , -   
193, (1.00),D,0,,  ,,,,, -   , -   , -   , -   , -   , -   , -   , -   , -   
194, (1.00),D,0,,  ,,,,, -   , -   , -   , -   , -   , -   , -   , -   , -   
195, (1.00),D,0,,  ,,,,, -   , -   , -   , -   , -   , -   , -   , -   , -   
196, (1.00),D,0,,  ,,,,, -   , -   , -   , -   , -   , -   , -   , -   , -   
197, (1.00),D,0,,  ,,,,, -   , -   , -   , -   , -   , -   , -   , -   , -   
198, -   ,D,0,,  ,,,,, -   , -   , -   , -   , -   , -   , -   , -   , -   
199, -   ,D,0,,  ,,,,, -   , -   , -   , -   , -   , -   , -   , -   , -   
200, -   ,D,0,,  ,,,,, -   , -   , -   , -   , -   , -   , -   , -   , -   
,,,,,,,,,,,,,,,,,,
1, 0.35 ,GK,Raya,ARS, 6.0 ,,,,, 3.95 , 4.29 , 3.87 , 4.26 , 3.98 , 4.23 , 3.39 , 4.51 , 32.48 
2, 0.32 ,GK,Martinez,CHE, 5.0 ,,,,, 3.11 , 4.34 , 3.40 , 3.78 , 3.58 , 3.57 , 3.34 , 3.71 , 28.82 
3, 0.28 ,GK,A.Becker,LIV, 5.5 ,,,,, 3.76 , 3.95 , 3.36 , 3.15 , 3.27 , 3.55 , 3.13 , 3.46 , 27.63 
4, 0.32 ,GK,Kelleher,BRE, 5.0 ,,,,, 4.11 , 3.42 , 3.34 , 3.38 , 3.15 , 3.89 , 3.68 , 3.19 , 28.16 
5, 0.31 ,GK,Donnarumma,MCI, 5.5 ,,,,, 4.17 , 3.19 , 4.07 , 3.05 , 3.98 , 3.52 , 3.63 , 3.58 , 29.18 
6, 0.28 ,GK,Lammens,MUN, 5.0 ,,,,, 3.53 , 3.14 , 3.59 , 3.51 , 3.41 , 3.53 , 2.96 , 3.54 , 27.21 
7, 0.26 ,GK,Pickford,EVE, 5.5 ,,,,, 3.35 , 3.30 , 3.86 , 3.81 , 3.18 , 2.85 , 3.12 , 3.79 , 27.26 
8, 0.30 ,GK,Verbruggen,BRI, 4.5 ,,,,, 3.66 , 3.59 , 3.06 , 3.48 , 3.61 , 2.78 , 2.69 , 3.30 , 26.16 
9, 0.29 ,GK,Suzuki,AVL, 5.0 ,,,,, 3.91 , 3.67 , 3.22 , 3.38 , 3.13 , 2.94 , 3.65 , 2.84 , 26.73 
10, 0.30 ,GK,Kinsky,TOT, 4.5 ,,,,, 3.36 , 3.65 , 3.47 , 2.87 , 3.72 , 2.78 , 3.49 , 3.10 , 26.43 
11, 0.26 ,GK,Trafford,LEE, 5.0 ,,,,, 3.24 , 3.45 , 3.64 , 2.87 , 3.14 , 3.45 , 3.15 , 3.33 , 26.27 
12, 0.30 ,GK,Leno,FUL, 4.5 ,,,,, 3.71 , 2.93 , 3.12 , 3.39 , 3.92 , 3.36 , 3.09 , 3.22 , 26.73 
13, 0.27 ,GK,Sels,NOT, 5.0 ,,,,, 3.54 , 3.23 , 3.81 , 3.32 , 3.03 , 3.40 , 3.03 , 2.85 , 26.21 
14, 0.30 ,GK,Hornicek,NEW, 5.0 ,,,,, 3.48 , 3.27 , 4.01 , 3.46 , 3.44 , 3.30 , 3.49 , 3.28 , 27.73 
15, 0.23 ,GK,Roefs,SUN, 5.0 ,,,,, 3.16 , 3.09 , 2.89 , 3.35 , 3.14 , 3.45 , 3.41 , 3.09 , 25.59 
16, 0.25 ,GK,Henderson,CPL, 5.0 ,,,,, 3.30 , 3.64 , 3.15 , 3.41 , 2.96 , 3.12 , 2.98 , 2.85 , 25.42 
17, 0.23 ,GK,Tzolakis,HUL, 4.6 ,,,,, 3.33 , 2.84 , 2.96 , 3.30 , 3.11 , 3.02 , 3.35 , 2.54 , 24.44 
18, 0.23 ,GK,Rushworth,COV, 4.5 ,,,,, 2.85 , 3.18 , 3.10 , 3.12 , 2.90 , 3.39 , 3.42 , 3.01 , 24.98 
19, 0.24 ,GK,Scherpen,IPS, 4.5 ,,,,, 2.99 , 3.14 , 3.08 , 3.36 , 2.72 , 3.23 , 3.35 , 2.99 , 24.86 
20, 0.24 ,GK,Petrovic,BOU, 4.5 ,,,,, 3.20 , 3.27 , 2.95 , 2.80 , 3.48 , 2.72 , 3.15 , 3.03 , 24.60 
21, (0.19),GK,Di Gregorio,BOU, 4.5 ,,,,, 0.09 , 0.17 , 0.17 , 0.23 , 0.34 , 0.29 , 0.41 , 0.39 , 2.09 
22, (0.20),GK,Penders,CHE, 4.5 ,,,,, 0.02 , 0.09 , 0.07 , 0.09 , 0.11 , 0.18 , 0.15 , 0.16 , 0.88 
